category	metric	v1_value	v2_value	delta	pct_change
candidate_oracle	joint_macro_f05	0.784522591	0.8272009350809635	0.04267834408096349	5.440040168449846
candidate_oracle	s2_diagnostic_f05	0.714624767	0.7646371202325586	0.05001235323255859	6.998407491880084
candidate_oracle	s3_diagnostic_f05	0.724138181	0.7738376237233632	0.04969944272336313	6.863254006953561
candidate_volume	total_candidates	54592725.0	67332524.0	12739799.0	23.336074541067514
candidate_volume	s2_candidates	24594064.0	30359040.0	5764976.0	23.440518004669745
candidate_volume	s3_candidates	29998661.0	36973484.0	6974823.0	23.250447744984353
truth_recall	captured_truth_pairs	4560579.0	5023168.0	462589.0	10.14320769358452
truth_recall	candidate_recall_pct	59.7062	65.76234573760222	6.056145737602215	10.143244315669419
truth_recall	missed_truth_pairs	3077786.0	2615197.0	-462589.0	-15.029927356872767
s1_capture_buckets	true_no_match	123247.0	123247.0	0.0	0.0
s1_capture_buckets	zero_captured_truth	258666.0	192825.0	-65841.0	-25.454060448609404
s1_capture_buckets	partial_captured_truth	1279869.0	1211285.0	-68584.0	-5.358673426733517
s1_capture_buckets	full_captured_truth	545039.0	679464.0	134425.0	24.66337271277835
candidate_distribution	cands_min	0.0	0.0	0.0	0.0
candidate_distribution	cands_p25	2.0	3.0	1.0	50.0
candidate_distribution	cands_p50	5.0	5.0	0.0	0.0
candidate_distribution	cands_p75	16.0	20.0	4.0	25.0
candidate_distribution	cands_p90	63.0	81.0	18.0	28.57142857142857
candidate_distribution	cands_p95	123.0	155.0	32.0	26.01626016260163
candidate_distribution	cands_p99	284.0	346.0	62.0	21.830985915492956
candidate_distribution	cands_max	2972.0	3306.0	334.0	11.238223418573352
candidate_distribution	cands_mean	24.738175	30.5110944657496	5.772919465749602	23.336076593158563
