target	step	step_name	cum_candidate_count	inc_candidate_count	cum_true_pairs_captured	inc_true_pairs_captured	cum_candidate_recall	inc_candidate_recall	candidate_volume_ratio	duration_sec
S2	0	Step 0: V1 Baseline (A+B+C+D)	24594064	24594064	2214137	2214137	0.599449	0.599449	6.6585	2.8
S2	1	+ Rule_CleanName	27048631	2454567	2291816	77679	0.62048	0.021031	7.3231	1.0
S2	2	+ Rule_HouseNorm (A & C with zero-stripped house)	28967319	1918688	2367469	75653	0.640962	0.020482	7.8425	1.9
S2	3	+ Rule_RootToken_House	30318969	1351650	2418375	50906	0.654744	0.013782	8.2085	1.1
S2	4	+ Rule_CleanAddress	30350288	31319	2433218	14843	0.658763	0.004019	8.217	0.8
S2	5	+ Rule_Zip_Prefix3	30359040	8752	2438575	5357	0.660213	0.00145	8.2193	0.7
S3	0	Step 0: V1 Baseline (A+B+C+D)	29998661	29998661	2346442	2346442	0.594827	0.594827	7.6047	3.5
S3	1	+ Rule_CleanName	32727411	2728750	2437234	90792	0.617843	0.023016	8.2965	1.2
S3	2	+ Rule_HouseNorm (A & C with zero-stripped house)	35209907	2482496	2510989	73755	0.63654	0.018697	8.9258	2.6
S3	3	+ Rule_RootToken_House	36962455	1752548	2578113	67124	0.653556	0.017016	9.37	1.8
S3	4	+ Rule_CleanAddress	36963419	964	2578349	236	0.653616	6e-05	9.3703	1.0
S3	5	+ Rule_Zip_Prefix3	36973484	10065	2584593	6244	0.655199	0.001583	9.3728	0.9
