path	size_bytes	category	git_status	reason	safe_to_delete	replacement_or_source	verification
C:\NEW AMAZON\Amazon-ML-Challenge-2026\P2\data\features\cands_BCD_v1_features_test_s2.tsv	5427957548	Legacy Generated Feature/Temp	Ignored	Obsolete V1/V2 legacy artifact; Phase 4 uses DuckDB in-memory features	YES	DuckDB in-memory extraction (phase4_modeling_pipeline.py)	Ignored in git
C:\NEW AMAZON\Amazon-ML-Challenge-2026\P2\data\features\cands_BCD_v1_features_test_s3.tsv	6458309207	Legacy Generated Feature/Temp	Ignored	Obsolete V1/V2 legacy artifact; Phase 4 uses DuckDB in-memory features	YES	DuckDB in-memory extraction (phase4_modeling_pipeline.py)	Ignored in git
C:\NEW AMAZON\Amazon-ML-Challenge-2026\P2\data\features\cands_BCD_v1_features_train_s2.tsv	4261966531	Legacy Generated Feature/Temp	Ignored	Obsolete V1/V2 legacy artifact; Phase 4 uses DuckDB in-memory features	YES	DuckDB in-memory extraction (phase4_modeling_pipeline.py)	Ignored in git
C:\NEW AMAZON\Amazon-ML-Challenge-2026\P2\data\features\cands_BCD_v1_features_train_s3.tsv	5278928420	Legacy Generated Feature/Temp	Ignored	Obsolete V1/V2 legacy artifact; Phase 4 uses DuckDB in-memory features	YES	DuckDB in-memory extraction (phase4_modeling_pipeline.py)	Ignored in git
C:\NEW AMAZON\Amazon-ML-Challenge-2026\P2\data\features\cands_B_v1_features_test_s2.tsv	4804296145	Legacy Generated Feature/Temp	Ignored	Obsolete V1/V2 legacy artifact; Phase 4 uses DuckDB in-memory features	YES	DuckDB in-memory extraction (phase4_modeling_pipeline.py)	Ignored in git
C:\NEW AMAZON\Amazon-ML-Challenge-2026\P2\data\features\cands_B_v1_features_test_s3.tsv	5699103513	Legacy Generated Feature/Temp	Ignored	Obsolete V1/V2 legacy artifact; Phase 4 uses DuckDB in-memory features	YES	DuckDB in-memory extraction (phase4_modeling_pipeline.py)	Ignored in git
C:\NEW AMAZON\Amazon-ML-Challenge-2026\P2\data\features\cands_B_v1_features_train_s2.tsv	4261966531	Legacy Generated Feature/Temp	Ignored	Obsolete V1/V2 legacy artifact; Phase 4 uses DuckDB in-memory features	YES	DuckDB in-memory extraction (phase4_modeling_pipeline.py)	Ignored in git
C:\NEW AMAZON\Amazon-ML-Challenge-2026\P2\data\features\cands_B_v1_features_train_s3.tsv	5278928420	Legacy Generated Feature/Temp	Ignored	Obsolete V1/V2 legacy artifact; Phase 4 uses DuckDB in-memory features	YES	DuckDB in-memory extraction (phase4_modeling_pipeline.py)	Ignored in git
C:\NEW AMAZON\Amazon-ML-Challenge-2026\P2\data\features\smoke_test.tsv	2816	Legacy Generated Feature/Temp	Ignored	Obsolete V1/V2 legacy artifact; Phase 4 uses DuckDB in-memory features	YES	DuckDB in-memory extraction (phase4_modeling_pipeline.py)	Ignored in git
C:\NEW AMAZON\Amazon-ML-Challenge-2026\P2\data\features\smoke_test_features.tsv	19051	Legacy Generated Feature/Temp	Ignored	Obsolete V1/V2 legacy artifact; Phase 4 uses DuckDB in-memory features	YES	DuckDB in-memory extraction (phase4_modeling_pipeline.py)	Ignored in git
C:\NEW AMAZON\Amazon-ML-Challenge-2026\P2\data\features\test_features_s2.tsv	4804296143	Legacy Generated Feature/Temp	Ignored	Obsolete V1/V2 legacy artifact; Phase 4 uses DuckDB in-memory features	YES	DuckDB in-memory extraction (phase4_modeling_pipeline.py)	Ignored in git
C:\NEW AMAZON\Amazon-ML-Challenge-2026\P2\data\features\test_features_s3.tsv	5699103511	Legacy Generated Feature/Temp	Ignored	Obsolete V1/V2 legacy artifact; Phase 4 uses DuckDB in-memory features	YES	DuckDB in-memory extraction (phase4_modeling_pipeline.py)	Ignored in git
C:\NEW AMAZON\Amazon-ML-Challenge-2026\P2\data\features\train_features_combined.tsv	6638584889	Legacy Generated Feature/Temp	Ignored	Obsolete V1/V2 legacy artifact; Phase 4 uses DuckDB in-memory features	YES	DuckDB in-memory extraction (phase4_modeling_pipeline.py)	Ignored in git
C:\NEW AMAZON\Amazon-ML-Challenge-2026\P2\data\features\train_features_s2.tsv	2916487416	Legacy Generated Feature/Temp	Ignored	Obsolete V1/V2 legacy artifact; Phase 4 uses DuckDB in-memory features	YES	DuckDB in-memory extraction (phase4_modeling_pipeline.py)	Ignored in git
C:\NEW AMAZON\Amazon-ML-Challenge-2026\P2\data\features\train_features_s3.tsv	3722097820	Legacy Generated Feature/Temp	Ignored	Obsolete V1/V2 legacy artifact; Phase 4 uses DuckDB in-memory features	YES	DuckDB in-memory extraction (phase4_modeling_pipeline.py)	Ignored in git
C:\NEW AMAZON\Amazon-ML-Challenge-2026\P2\data\duckdb_tmp_test_inference\tmp_matches_s2.tsv	124645217	Legacy Generated Feature/Temp	Ignored	Obsolete V1/V2 legacy artifact; Phase 4 uses DuckDB in-memory features	YES	DuckDB in-memory extraction (phase4_modeling_pipeline.py)	Ignored in git
C:\NEW AMAZON\Amazon-ML-Challenge-2026\P2\data\duckdb_tmp_test_inference\tmp_matches_s3.tsv	141218083	Legacy Generated Feature/Temp	Ignored	Obsolete V1/V2 legacy artifact; Phase 4 uses DuckDB in-memory features	YES	DuckDB in-memory extraction (phase4_modeling_pipeline.py)	Ignored in git

C:\NEW AMAZON\Amazon-ML-Challenge-2026\P2\scripts\__pycache__\e06_v2_modeling.cpython-314.pyc	60375	Cache/Temp	Ignored	Safe to delete cache file	YES	N/A	Ignored in git
C:\NEW AMAZON\Amazon-ML-Challenge-2026\validation\__pycache__\metrics.cpython-314.pyc	5533	Cache/Temp	Ignored	Safe to delete cache file	YES	N/A	Ignored in git
C:\NEW AMAZON\Amazon-ML-Challenge-2026\validation\__pycache__\scorer_v1.cpython-314.pyc	1162	Cache/Temp	Ignored	Safe to delete cache file	YES	N/A	Ignored in git
