source1_entity_id	candidate_entity_id	fold	label	name_exact_match	name_jaro_winkler	name_jaccard	prefix4_match	first_token_match	name_len_diff	name_len_ratio	address_exact_match	address_jaro_winkler	address_jaccard	address_len_diff	address_len_ratio	address_first_number_match	country_match	s1_name_len	tgt_name_len	s1_addr_len	tgt_addr_len	source_is_s3	oof_score	is_tp	is_fp	is_fn
S1-12132476	S2-34244963	4	0	0	0.009565822	1.0	1	1	0.0	1.0	0	0.009634546	0.969697	8.0	0.9	1	1	66.0	66.0	80.0	72.0	0	0.99999213	False	True	False
S1-106981017	S2-216777353	4	0	0	0.00956044	1.0	1	0	0.0	1.0	0	0.009742105	1.0	2.0	0.95	1	1	14.0	14.0	40.0	38.0	0	0.9999917	False	True	False
S1-285641883	S2-12980052	0	0	0	0.009606909	0.8695652	1	1	0.0	1.0	0	0.008706591	0.9166667	18.0	0.8021978	1	1	73.0	73.0	91.0	73.0	0	0.99998987	False	True	False
S1-462105084	S2-333871834	2	0	0	0.009894737	0.9230769	1	1	1.0	0.94736844	0	0.005123457	1.0	0.0	1.0	1	1	19.0	18.0	27.0	27.0	0	0.9999694	False	True	False
S1-513812883	S3-493764614	0	0	0	0.009789473	1.0	1	1	0.0	1.0	0	0.009504762	1.0	2.0	0.95238096	1	1	19.0	19.0	40.0	42.0	1	0.9999515	False	True	False
S1-494429025	S2-9128225	0	0	0	0.0099411765	0.9411765	1	1	1.0	0.9705882	0	0.009674569	1.0	3.0	0.90625	1	1	33.0	34.0	32.0	29.0	0	0.999939	False	True	False
S1-614980556	S3-548519322	4	0	0	0.009608789	0.9047619	1	1	1.0	0.984127	0	0.009692819	0.96	7.0	0.9041096	1	1	63.0	62.0	73.0	66.0	1	0.99993896	False	True	False
S1-736032198	S2-708171913	1	0	0	0.009939394	1.0	1	1	1.0	0.969697	1	0.01	1.0	0.0	1.0	1	1	32.0	33.0	26.0	26.0	0	0.9999343	False	True	False
S1-11042342	S2-344347510	2	0	0	0.009777778	0.9	1	1	0.0	1.0	0	0.009935484	1.0	0.0	1.0	1	1	18.0	18.0	31.0	31.0	0	0.9999342	False	True	False
S1-707265612	S2-883359657	1	0	0	0.009909091	0.9285714	1	1	1.0	0.95454544	1	0.01	1.0	0.0	1.0	1	1	21.0	22.0	30.0	30.0	0	0.9999337	False	True	False
S1-259935825	S3-836072095	4	0	0	0.009257918	0.8	1	0	4.0	0.7647059	0	0.006036789	1.0	3.0	0.88461536	1	1	17.0	13.0	23.0	26.0	1	0.99993086	False	True	False
S1-511887624	S2-808085025	0	0	0	0.00975	0.9166667	1	1	0.0	1.0	0	0.007777778	1.0	0.0	1.0	1	1	16.0	16.0	24.0	24.0	0	0.9999261	False	True	False
S1-604933119	S2-243779524	2	0	0	0.009923077	1.0	1	1	1.0	0.96153843	1	0.01	1.0	0.0	1.0	1	1	25.0	26.0	37.0	37.0	0	0.9999225	False	True	False
S1-461125288	S2-495169547	3	0	0	0.009789473	0.9230769	1	1	0.0	1.0	1	0.01	1.0	0.0	1.0	1	1	19.0	19.0	42.0	42.0	0	0.9999207	False	True	False
S1-846434317	S2-209881583	4	0	0	0.009909091	0.9375	1	1	1.0	0.95454544	1	0.01	1.0	0.0	1.0	1	1	21.0	22.0	31.0	31.0	0	0.9999191	False	True	False
S1-934519481	S3-955220389	2	0	0	0.009928571	1.0	1	1	1.0	0.96428573	0	0.008965035	0.95238096	6.0	0.84615386	1	1	27.0	28.0	33.0	39.0	1	0.9999182	False	True	False
S1-4121992	S3-390445472	2	0	0	0.009809524	1.0	1	1	0.0	1.0	0	0.00909599	0.8947368	2.0	0.9310345	1	1	21.0	21.0	27.0	29.0	1	0.99991816	False	True	False
S1-727171301	S2-520345483	0	0	0	0.009694736	0.85714287	1	1	1.0	0.95	1	0.01	1.0	0.0	1.0	1	1	20.0	19.0	37.0	37.0	0	0.99991715	False	True	False
S1-594616302	S3-812291794	3	0	0	0.009733333	1.0	1	1	0.0	1.0	0	0.0070618074	0.9583333	6.0	0.8695652	1	1	30.0	30.0	40.0	46.0	1	0.99991316	False	True	False
S1-97558208	S2-558330920	3	0	0	0.009764706	0.9230769	1	1	0.0	1.0	0	0.009343782	0.94736844	4.0	0.8787879	1	1	17.0	17.0	33.0	29.0	0	0.99990875	False	True	False
S1-506343798	S2-713642565	0	0	0	0.009804301	1.0	1	1	1.0	0.9677419	0	0.008891333	0.95238096	3.0	0.9166667	1	1	31.0	30.0	33.0	36.0	0	0.99990857	False	True	False
S1-72250784	S3-289364082	0	0	0	0.009884033	0.9444444	1	1	1.0	0.9714286	0	0.009173039	0.95	2.0	0.9411765	1	1	34.0	35.0	32.0	34.0	1	0.99990636	False	True	False
S1-669014877	S2-344885627	1	0	0	0.0099	1.0	1	1	1.0	0.95	0	0.009426073	1.0	3.0	0.9189189	1	1	19.0	20.0	37.0	34.0	0	0.99990535	False	True	False
S1-937073179	S3-899716012	4	0	0	0.009636364	0.8888889	1	1	0.0	1.0	0	0.009902439	1.0	2.0	0.9512195	1	1	11.0	11.0	39.0	41.0	1	0.99990195	False	True	False
S1-760122313	S2-481703180	1	0	0	0.009833333	0.875	1	1	0.0	1.0	0	0.009664071	0.9444444	2.0	0.9354839	1	1	24.0	24.0	31.0	29.0	0	0.9999017	False	True	False
S1-168286710	S2-387550135	1	0	0	0.009785715	0.9230769	1	1	3.0	0.89285713	0	0.009500949	0.9375	3.0	0.9117647	1	1	25.0	28.0	34.0	31.0	0	0.99989945	False	True	False
S1-419150622	S3-218313723	3	0	0	0.009714286	0.9285714	1	1	0.0	1.0	0	0.009024728	1.0	3.0	0.93333334	1	1	28.0	28.0	42.0	45.0	1	0.9998959	False	True	False
S1-132262915	S2-309324222	2	0	0	0.009783069	1.0	1	1	0.0	1.0	0	0.007800497	0.95238096	3.0	0.9117647	1	1	28.0	28.0	34.0	31.0	0	0.9998923	False	True	False
S1-722027499	S3-437452848	1	0	0	0.0095311	0.93333334	1	1	3.0	0.8636364	0	0.00893155	1.0	10.0	0.75609756	1	1	22.0	19.0	31.0	41.0	1	0.9998912	False	True	False
S1-68367197	S3-381185554	4	0	0	0.009777778	0.9166667	1	1	0.0	1.0	0	0.009469697	0.9047619	10.0	0.77272725	1	1	18.0	18.0	34.0	44.0	1	0.9998908	False	True	False
S1-952827704	S2-612487926	0	0	0	0.009806451	1.0	1	1	3.0	0.9032258	0	0.009139185	0.94736844	3.0	0.90909094	1	1	28.0	31.0	33.0	30.0	0	0.99988943	False	True	False
S1-921431521	S2-909373449	4	0	0	0.009688889	0.84615386	1	0	1.0	0.94736844	0	0.006173913	1.0	2.0	0.92	1	1	18.0	19.0	25.0	23.0	0	0.99988896	False	True	False
S1-581778245	S2-711629135	3	0	0	0.009550403	1.0	1	1	1.0	0.96875	0	0.009793104	0.9444444	3.0	0.8965517	1	1	31.0	32.0	29.0	26.0	0	0.99988335	False	True	False
S1-78370609	S3-102705527	2	0	0	0.009603077	1.0	1	1	1.0	0.96153843	0	0.009813953	1.0	4.0	0.90697676	1	1	25.0	26.0	39.0	43.0	1	0.9998784	False	True	False
S1-41465174	S3-448513859	4	0	0	0.009866667	1.0	1	1	2.0	0.93333334	0	0.00927437	0.95454544	1.0	0.9736842	1	1	30.0	28.0	37.0	38.0	1	0.99987376	False	True	False
S1-627134705	S2-262807970	3	0	0	0.009826891	1.0	1	1	1.0	0.9714286	0	0.006893424	1.0	1.0	0.97959185	1	1	35.0	34.0	49.0	48.0	0	0.9998676	False	True	False
S1-402402167	S2-707213368	0	0	0	0.0095	0.9	1	1	4.0	0.75	0	0.009836337	1.0	0.0	1.0	1	1	12.0	16.0	37.0	37.0	0	0.99986666	False	True	False
S1-813740077	S3-716996744	4	0	0	0.009686209	0.9411765	1	1	4.0	0.9130435	0	0.00952	1.0	12.0	0.76	1	1	42.0	46.0	38.0	50.0	1	0.9998639	False	True	False
S1-608063992	S2-120434404	0	0	0	0.009708791	0.8235294	1	1	1.0	0.962963	1	0.01	1.0	0.0	1.0	1	1	26.0	27.0	36.0	36.0	0	0.9998631	False	True	False
S1-81618486	S3-551406024	1	0	0	0.009783784	1.0	1	1	4.0	0.8918919	0	0.00972	1.0	7.0	0.86	1	1	33.0	37.0	43.0	50.0	1	0.9998501	False	True	False
S1-518852546	S2-507326052	1	0	0	0.009692308	1.0	1	1	0.0	1.0	0	0.009459473	0.9	1.0	0.9677419	1	1	26.0	26.0	31.0	30.0	0	0.99984854	False	True	False
S1-946329531	S3-462713363	4	0	0	0.00976	1.0	1	1	3.0	0.88	0	0.009419853	0.9130435	6.0	0.85	1	1	22.0	25.0	34.0	40.0	1	0.9998428	False	True	False
S1-448293242	S2-131431797	4	0	0	0.009552174	0.8333333	1	1	3.0	0.8695652	0	0.009933333	1.0	1.0	0.96666664	1	1	20.0	23.0	30.0	29.0	0	0.9998387	False	True	False
S1-739052596	S3-653186026	3	0	0	0.0098217465	1.0	1	1	1.0	0.9705882	0	0.007502849	0.90909094	6.0	0.8666667	1	1	34.0	33.0	39.0	45.0	1	0.99983805	False	True	False
S1-79117481	S2-622714031	3	0	1	0.01	1.0	1	1	0.0	1.0	0	0.008095577	1.0	4.0	0.9506173	0	1	26.0	26.0	81.0	77.0	0	0.9998339	False	True	False
S1-763724017	S2-434832883	4	0	0	0.009825109	1.0	1	1	2.0	0.94285715	0	0.008508404	0.95238096	0.0	1.0	1	1	33.0	35.0	34.0	34.0	0	0.9998337	False	True	False
S1-789628315	S3-843872886	4	0	0	0.009538461	0.93333334	1	1	0.0	1.0	0	0.009510204	0.95454544	12.0	0.75510204	1	1	26.0	26.0	37.0	49.0	1	0.9998334	False	True	False
S1-555243673	S3-655877973	3	0	0	0.008928572	1.0	1	0	0.0	1.0	0	0.007685809	0.9444444	3.0	0.9032258	1	1	14.0	14.0	28.0	31.0	1	0.9998308	False	True	False
S1-260933106	S3-129493816	1	0	0	0.009923077	0.9411765	1	1	1.0	0.96153843	0	0.0076025515	0.94736844	7.0	0.8292683	1	1	25.0	26.0	34.0	41.0	1	0.99982905	False	True	False
S1-245589650	S2-948605571	2	0	0	0.009857143	0.9375	1	1	0.0	1.0	0	0.009131834	0.9130435	6.0	0.85365856	1	1	28.0	28.0	41.0	35.0	0	0.99982876	False	True	False
S1-973632385	S2-947832969	0	0	0	0.00975	1.0	1	1	4.0	0.875	0	0.0073491638	0.94736844	4.0	0.87096775	1	1	28.0	32.0	31.0	27.0	0	0.9998263	False	True	False
S1-868745075	S2-290581546	4	0	0	0.009529412	0.90909094	1	1	4.0	0.7647059	0	0.00933042	0.9444444	6.0	0.84615386	1	1	13.0	17.0	33.0	39.0	0	0.99982387	False	True	False
S1-779212870	S3-217534767	0	0	0	0.009589744	0.8666667	1	1	4.0	0.8666667	0	0.009193758	1.0	3.0	0.9302326	1	1	30.0	26.0	40.0	43.0	1	0.9998217	False	True	False
S1-427987700	S3-320791742	0	0	0	0.008794652	1.0	1	1	6.0	0.64705884	0	0.009405217	0.9375	2.0	0.92	1	1	17.0	11.0	23.0	25.0	1	0.99982154	False	True	False
S1-340485929	S2-879113246	2	0	0	0.009361403	0.8666667	1	1	1.0	0.95	1	0.01	1.0	0.0	1.0	0	1	20.0	19.0	24.0	24.0	0	0.9998204	False	True	False
S1-958378313	S2-754153888	4	0	0	0.009785715	1.0	1	1	3.0	0.89285713	0	0.0072666532	0.95238096	16.0	0.6981132	1	1	25.0	28.0	53.0	37.0	0	0.99981797	False	True	False
S1-361319885	S3-130998222	2	0	0	0.009692308	0.9285714	1	1	0.0	1.0	0	0.008679769	0.95	1.0	0.9714286	1	1	26.0	26.0	34.0	35.0	1	0.99981564	False	True	False
S1-361504712	S3-123637623	0	0	0	0.009724138	1.0	1	1	0.0	1.0	0	0.009516806	0.8095238	6.0	0.8235294	1	1	29.0	29.0	28.0	34.0	1	0.99981225	False	True	False
S1-96188450	S3-924006157	0	0	0	0.009588889	0.8333333	1	1	2.0	0.9	0	0.009361158	1.0	1.0	0.9722222	1	1	18.0	20.0	36.0	35.0	1	0.9998086	False	True	False
S1-400218599	S3-46471652	2	0	0	0.009909091	0.9375	1	1	1.0	0.95454544	0	0.008807611	0.8695652	10.0	0.76744187	1	1	21.0	22.0	33.0	43.0	1	0.99979913	False	True	False
S1-88462698	S3-614098872	3	0	0	0.009783069	0.9375	1	1	1.0	0.96428573	0	0.0095016835	0.85	6.0	0.8181818	1	1	28.0	27.0	27.0	33.0	1	0.9997947	False	True	False
S1-870826559	S3-712508046	3	0	1	0.01	1.0	1	1	0.0	1.0	0	0.008618133	0.9047619	4.0	0.9111111	0	1	24.0	24.0	41.0	45.0	1	0.99979156	False	True	False
S1-734421135	S2-569805354	1	0	0	0.009703704	1.0	1	1	0.0	1.0	0	0.009459473	0.8636364	1.0	0.9677419	1	1	27.0	27.0	30.0	31.0	0	0.99978924	False	True	False
S1-545838640	S3-825226557	3	0	0	0.009866667	0.93333334	1	0	0.0	1.0	0	0.009246377	1.0	3.0	0.95652175	1	1	30.0	30.0	69.0	66.0	1	0.9997876	False	True	False
S1-667835583	S3-776090545	4	0	0	0.009809524	0.93333334	1	1	0.0	1.0	0	0.007179487	0.90909094	18.0	0.65384614	1	1	21.0	21.0	34.0	52.0	1	0.99978	False	True	False
S1-999466619	S2-34351674	3	0	0	0.009615385	0.9285714	1	1	5.0	0.8076923	0	0.0074222223	1.0	0.0	1.0	1	1	21.0	26.0	30.0	30.0	0	0.99977857	False	True	False
S1-912687343	S3-123977422	4	0	0	0.009536796	1.0	1	1	1.0	0.95454544	0	0.009182888	0.9	1.0	0.9705882	1	1	21.0	22.0	33.0	34.0	1	0.99977833	False	True	False
S1-342689213	S2-498854998	2	0	0	0.009337663	0.9285714	1	1	1.0	0.95454544	0	0.0095160715	1.0	3.0	0.9142857	1	1	21.0	22.0	35.0	32.0	0	0.99977803	False	True	False
S1-516774883	S2-498313604	4	0	0	0.009823529	0.9411765	1	1	3.0	0.9117647	0	0.0096132755	0.90909094	2.0	0.94285715	1	1	31.0	34.0	33.0	35.0	0	0.99977744	False	True	False
S1-511750781	S3-481506689	4	0	0	0.009621212	0.94736844	1	1	0.0	1.0	0	0.009683035	0.9583333	8.0	0.875	1	1	48.0	48.0	64.0	56.0	1	0.99977654	False	True	False
S1-2243764	S2-720548820	1	0	0	0.00952	0.8666667	1	1	5.0	0.8333333	0	0.0062814406	0.84615386	1.0	0.95238096	1	1	25.0	30.0	21.0	20.0	0	0.9997761	False	True	False
S1-99668654	S3-359256950	0	0	0	0.0096	0.9285714	1	1	4.0	0.8	0	0.009289916	0.9130435	6.0	0.8235294	1	1	16.0	20.0	28.0	34.0	1	0.9997759	False	True	False
S1-989455655	S2-292115060	4	0	1	0.01	1.0	1	1	0.0	1.0	0	0.008998701	0.8947368	2.0	0.94285715	0	1	26.0	26.0	35.0	33.0	0	0.9997757	False	True	False
S1-420017066	S2-502639864	3	0	0	0.009138889	0.9411765	1	1	0.0	1.0	0	0.007288889	1.0	0.0	1.0	1	1	27.0	27.0	30.0	30.0	0	0.99976623	False	True	False
S1-85102551	S2-590573261	4	0	0	0.009769231	0.9285714	1	1	3.0	0.88461536	0	0.0091710705	0.9047619	1.0	0.9722222	1	1	23.0	26.0	36.0	35.0	0	0.99976605	False	True	False
S1-506190547	S2-635940465	1	0	0	0.009466667	0.90909094	1	1	0.0	1.0	0	0.009199209	0.95652175	4.0	0.902439	1	1	15.0	15.0	41.0	37.0	0	0.99976313	False	True	False
S1-228818673	S3-861812874	4	0	1	0.01	1.0	1	1	0.0	1.0	0	0.007750658	0.95454544	10.0	0.7916667	0	1	16.0	16.0	38.0	48.0	1	0.9997616	False	True	False
S1-438640045	S2-160197421	0	0	0	0.009492064	0.875	1	1	1.0	0.96428573	0	0.009043874	0.95	3.0	0.9	1	1	28.0	27.0	30.0	27.0	0	0.9997605	False	True	False
S1-453768744	S3-113874702	1	0	1	0.01	1.0	1	1	0.0	1.0	0	0.008943162	0.9	2.0	0.9444444	0	1	28.0	28.0	34.0	36.0	1	0.9997585	False	True	False
S1-952878838	S2-5199832	1	0	1	0.01	1.0	1	1	0.0	1.0	0	0.0075793653	0.9444444	0.0	1.0	0	1	30.0	30.0	24.0	24.0	0	0.999755	False	True	False
S1-212942183	S3-992668354	1	0	0	0.0098518515	0.9375	1	1	0.0	1.0	0	0.009429729	0.9130435	1.0	0.9787234	1	1	27.0	27.0	46.0	47.0	1	0.9997542	False	True	False
S1-490122737	S3-263925153	3	0	0	0.009733333	0.875	1	1	0.0	1.0	0	0.009226758	0.9047619	4.0	0.9111111	1	1	30.0	30.0	41.0	45.0	1	0.999752	False	True	False
S1-341620554	S3-984984440	2	0	0	0.009529412	0.8333333	1	1	4.0	0.7647059	0	0.0075429557	1.0	6.0	0.85365856	1	1	13.0	17.0	35.0	41.0	1	0.99974865	False	True	False
S1-848700227	S3-580575113	2	0	0	0.009619048	1.0	1	1	4.0	0.8095238	0	0.008839572	0.875	10.0	0.77272725	1	1	17.0	21.0	34.0	44.0	1	0.99974436	False	True	False
S1-15318832	S3-330799249	4	0	0	0.0098	0.9166667	1	1	0.0	1.0	0	0.0075975307	0.8666667	3.0	0.9	1	1	20.0	20.0	27.0	30.0	1	0.99974287	False	True	False
S1-112087294	S3-43673278	2	0	1	0.01	1.0	1	1	0.0	1.0	0	0.009501661	0.90909094	6.0	0.877551	0	1	12.0	12.0	43.0	49.0	1	0.9997428	False	True	False
S1-861637048	S3-895355932	4	0	0	0.009542673	0.875	1	1	4.0	0.8518519	0	0.009085154	0.9411765	4.0	0.88235295	1	1	23.0	27.0	30.0	34.0	1	0.99974054	False	True	False
S1-580303930	S2-860620099	1	0	1	0.01	1.0	1	1	0.0	1.0	0	0.009862745	0.9444444	0.0	1.0	0	1	12.0	12.0	34.0	34.0	0	0.99973667	False	True	False
S1-270484132	S3-84490737	1	0	0	0.009619048	0.9230769	1	1	4.0	0.8095238	0	0.0075306636	0.95	1.0	0.969697	1	1	17.0	21.0	32.0	33.0	1	0.999736	False	True	False
S1-801587723	S2-163094472	2	0	1	0.01	1.0	1	1	0.0	1.0	0	0.009719577	0.9	1.0	0.9722222	0	1	29.0	29.0	35.0	36.0	0	0.9997354	False	True	False
S1-727964230	S2-253171018	2	0	0	0.009766154	0.9375	1	1	1.0	0.96153843	0	0.00975	0.90909094	0.0	1.0	1	1	26.0	25.0	32.0	32.0	0	0.9997305	False	True	False
S1-44079033	S2-879954208	2	0	0	0.009692308	1.0	1	1	4.0	0.84615386	0	0.008600668	0.5555556	1.0	0.94736844	1	1	22.0	26.0	18.0	19.0	0	0.9997302	False	True	False
S1-654916382	S2-904981117	1	0	0	0.009923077	0.9285714	1	1	1.0	0.96153843	0	0.009245614	0.9	8.0	0.7894737	1	1	25.0	26.0	38.0	30.0	0	0.9997299	False	True	False
S1-540165038	S3-966438563	4	0	1	0.01	1.0	1	1	0.0	1.0	0	0.008864359	0.8888889	10.0	0.7619048	0	1	17.0	17.0	32.0	42.0	1	0.9997272	False	True	False
S1-149430113	S3-589909750	3	0	0	0.009694736	1.0	1	1	1.0	0.95	0	0.009375959	0.82608694	12.0	0.73913044	1	1	20.0	19.0	34.0	46.0	1	0.999727	False	True	False
S1-548136208	S3-412714260	0	0	0	0.009666666	0.9230769	1	1	0.0	1.0	0	0.008763307	0.95454544	7.0	0.8727273	1	1	24.0	24.0	48.0	55.0	1	0.9997243	False	True	False
S1-210675416	S2-819064089	2	0	0	0.009757576	0.9444444	1	1	4.0	0.8787879	0	0.009465873	0.9047619	4.0	0.9	1	1	29.0	33.0	36.0	40.0	0	0.99972373	False	True	False
S1-645355420	S3-372238530	1	0	0	0.0097058825	1.0	1	1	5.0	0.85294116	0	0.009666666	1.0	7.0	0.8333333	1	1	29.0	34.0	35.0	42.0	1	0.9997204	False	True	False
S1-657716284	S2-351227692	3	0	0	0.009931034	1.0	1	1	1.0	0.9655172	0	0.007202077	0.96	3.0	0.9375	1	1	28.0	29.0	45.0	48.0	0	0.9997193	False	True	False
S1-117653052	S3-578030498	4	0	0	0.009813853	1.0	1	1	1.0	0.95454544	0	0.0075140055	0.90909094	0.0	1.0	1	1	21.0	22.0	34.0	34.0	1	0.99971926	False	True	False
S1-100890383	S2-433180709	3	1	0	0.008880952	0.64285713	1	1	2.0	0.875	0	0.006970154	0.7619048	1.0	0.9705882	1	1	14.0	16.0	33.0	34.0	0	0.5000042	True	False	False
S1-632370749	S3-332352485	0	1	1	0.01	1.0	1	1	0.0	1.0	0	0.007034188	0.6363636	9.0	0.7692308	0	1	19.0	19.0	30.0	39.0	1	0.50000453	True	False	False
S1-95386618	S3-206525774	3	1	0	0.00845	0.9375	1	1	0.0	1.0	0	0.0059128087	0.6296296	66.0	0.3125	1	1	30.0	30.0	96.0	30.0	1	0.50000644	True	False	False
S1-829573780	S3-344083224	1	1	1	0.01	1.0	1	1	0.0	1.0	0	0.00655901	0.7407407	12.0	0.7818182	0	1	28.0	28.0	43.0	55.0	1	0.5000188	True	False	False
S1-798484553	S2-956019885	2	1	1	0.01	1.0	1	1	0.0	1.0	0	0.0	0.0	53.0	0.0	0	1	8.0	8.0	53.0	0.0	0	0.50002223	True	False	False
S1-217780799	S3-415602508	2	1	1	0.01	1.0	1	1	0.0	1.0	0	0.0059959916	0.7407407	1.0	0.9818182	0	1	16.0	16.0	54.0	55.0	1	0.5000293	True	False	False
S1-458555117	S3-604837354	2	1	0	0.009196154	0.8333333	1	1	4.0	0.8666667	0	0.0067210887	0.76666665	3.0	0.953125	1	1	30.0	26.0	64.0	61.0	1	0.5000392	True	False	False
S1-178454029	S2-634009969	0	1	0	0.008664611	0.5	1	1	14.0	0.5483871	0	0.009852941	0.875	3.0	0.9558824	1	1	31.0	17.0	65.0	68.0	0	0.5000466	True	False	False
S1-27127831	S3-630405407	0	1	0	0.008977511	0.8666667	1	1	5.0	0.8214286	0	0.0070654177	0.7894737	11.0	0.8888889	1	1	23.0	28.0	99.0	88.0	1	0.50006187	True	False	False
S1-845348352	S3-669152414	2	1	1	0.01	1.0	1	1	0.0	1.0	0	0.0062449737	0.76	14.0	0.72	0	1	26.0	26.0	36.0	50.0	1	0.5000695	True	False	False
S1-121999107	S3-704344606	1	1	0	0.008825	0.78571427	1	1	0.0	1.0	0	0.006832703	0.73913044	17.0	0.6530612	1	1	20.0	20.0	32.0	49.0	1	0.5000866	True	False	False
S1-281856344	S2-402949111	1	1	1	0.01	1.0	1	1	0.0	1.0	0	0.006908378	0.6666667	9.0	0.7352941	0	1	15.0	15.0	34.0	25.0	0	0.50008726	True	False	False
S1-57022918	S3-871393100	1	1	0	0.009183037	0.84210527	1	1	9.0	0.775	0	0.008095323	0.962963	2.0	0.9714286	1	1	31.0	40.0	68.0	70.0	1	0.5000903	True	False	False
S1-207836370	S3-395333478	2	1	0	0.008320874	0.53333336	1	1	8.0	0.7241379	0	0.008202463	0.72	51.0	0.3625	1	1	29.0	21.0	80.0	29.0	1	0.5000979	True	False	False
S1-409906051	S3-335461955	0	1	1	0.01	1.0	1	1	0.0	1.0	0	0.0067713694	0.72727275	6.0	0.925	0	1	25.0	25.0	74.0	80.0	1	0.5001188	True	False	False
S1-194574340	S3-531061222	0	1	0	0.008836667	0.875	1	1	7.0	0.78125	0	0.0068862005	0.7777778	1.0	0.96875	1	1	25.0	32.0	31.0	32.0	1	0.5001342	True	False	False
S1-18427272	S3-458871905	2	1	1	0.01	1.0	1	1	0.0	1.0	0	0.006738562	0.7	10.0	0.7058824	0	1	7.0	7.0	24.0	34.0	1	0.50014436	True	False	False
S1-464832162	S3-993905110	0	1	0	0.00830381	0.61538464	1	1	4.0	0.84	0	0.006111111	0.85	0.0	1.0	1	1	25.0	21.0	30.0	30.0	1	0.5001784	True	False	False
S1-822197357	S3-409574011	4	1	0	0.008351076	0.61538464	1	1	3.0	0.84210527	0	0.008401991	0.7647059	6.0	0.8181818	1	1	16.0	19.0	27.0	33.0	1	0.50017935	True	False	False
S1-336873608	S3-734625771	4	1	1	0.01	1.0	1	1	0.0	1.0	0	0.004985437	0.5	83.0	0.19417475	0	1	12.0	12.0	103.0	20.0	1	0.5001861	True	False	False
S1-468794732	S3-600384976	3	1	0	0.008697041	0.875	1	1	2.0	0.9354839	0	0.0057917307	0.6818182	38.0	0.38709676	1	1	29.0	31.0	62.0	24.0	1	0.50020105	True	False	False
S1-393498082	S2-660374196	0	1	0	0.008366667	0.6	1	1	4.0	0.8	0	0.0087101115	0.6	1.0	0.96666664	1	1	16.0	20.0	30.0	29.0	0	0.5002067	True	False	False
S1-234790513	S3-24685614	3	1	0	0.008730953	0.7777778	1	1	2.0	0.93333334	0	0.006791136	0.8	1.0	0.9767442	1	1	28.0	30.0	42.0	43.0	1	0.5002208	True	False	False
S1-837366529	S3-689624584	1	1	1	0.01	1.0	1	1	0.0	1.0	0	0.006434653	0.65	2.0	0.9310345	0	1	15.0	15.0	29.0	27.0	1	0.500227	True	False	False
S1-458180445	S3-13544728	4	1	0	0.009090909	0.6	1	1	5.0	0.54545456	0	0.006297968	0.64285713	12.0	0.7735849	1	1	11.0	6.0	53.0	41.0	1	0.5002284	True	False	False
S1-118240620	S3-588340549	3	1	1	0.01	1.0	1	1	0.0	1.0	0	0.0067230854	0.7	5.0	0.8648649	0	1	25.0	25.0	32.0	37.0	1	0.50023913	True	False	False
S1-957587350	S3-197105914	3	1	0	0.008527778	0.6363636	1	1	7.0	0.5625	0	0.008298381	0.7419355	2.0	0.9701493	1	1	9.0	16.0	67.0	65.0	1	0.5002438	True	False	False
S1-514886638	S3-881123374	2	1	1	0.01	1.0	1	1	0.0	1.0	0	0.0067146984	0.55	6.0	0.79310346	0	1	21.0	21.0	23.0	29.0	1	0.5002444	True	False	False
S1-379974193	S2-114010475	0	1	0	0.009363353	0.93333334	1	1	4.0	0.88235295	0	0.005725469	0.6666667	68.0	0.32673267	1	1	34.0	30.0	101.0	33.0	0	0.5002526	True	False	False
S1-852946070	S2-194789914	3	1	1	0.01	1.0	1	1	0.0	1.0	0	0.0	0.0	36.0	0.0	0	1	13.0	13.0	36.0	0.0	0	0.5002599	True	False	False
S1-944415649	S2-219269365	3	1	1	0.01	1.0	1	1	0.0	1.0	0	0.0	0.0	32.0	0.0	0	1	13.0	13.0	32.0	0.0	0	0.5002599	True	False	False
S1-583289904	S2-845661933	3	1	1	0.01	1.0	1	1	0.0	1.0	0	0.0	0.0	32.0	0.0	0	1	13.0	13.0	32.0	0.0	0	0.5002599	True	False	False
S1-123189519	S2-306340284	3	1	1	0.01	1.0	1	1	0.0	1.0	0	0.0	0.0	32.0	0.0	0	1	13.0	13.0	32.0	0.0	0	0.5002599	True	False	False
S1-897141915	S2-63422535	3	1	1	0.01	1.0	1	1	0.0	1.0	0	0.0	0.0	34.0	0.0	0	1	13.0	13.0	34.0	0.0	0	0.5002599	True	False	False
S1-97957257	S2-577135188	3	1	1	0.01	1.0	1	1	0.0	1.0	0	0.0	0.0	33.0	0.0	0	1	13.0	13.0	33.0	0.0	0	0.5002599	True	False	False
S1-365225733	S2-656585196	3	1	1	0.01	1.0	1	1	0.0	1.0	0	0.0	0.0	35.0	0.0	0	1	13.0	13.0	35.0	0.0	0	0.5002599	True	False	False
S1-552563348	S2-110013422	3	1	1	0.01	1.0	1	1	0.0	1.0	0	0.0	0.0	35.0	0.0	0	1	13.0	13.0	35.0	0.0	0	0.5002599	True	False	False
S1-372431474	S2-156084948	3	1	1	0.01	1.0	1	1	0.0	1.0	0	0.0	0.0	32.0	0.0	0	1	13.0	13.0	32.0	0.0	0	0.5002599	True	False	False
S1-877548367	S2-858809126	3	1	1	0.01	1.0	1	1	0.0	1.0	0	0.0	0.0	34.0	0.0	0	1	13.0	13.0	34.0	0.0	0	0.5002599	True	False	False
S1-643659306	S2-372072449	3	1	1	0.01	1.0	1	1	0.0	1.0	0	0.0	0.0	32.0	0.0	0	1	13.0	13.0	32.0	0.0	0	0.5002599	True	False	False
S1-917244487	S2-618868783	3	1	1	0.01	1.0	1	1	0.0	1.0	0	0.0	0.0	33.0	0.0	0	1	13.0	13.0	33.0	0.0	0	0.5002599	True	False	False
S1-168409737	S2-353046465	3	1	1	0.01	1.0	1	1	0.0	1.0	0	0.0	0.0	32.0	0.0	0	1	13.0	13.0	32.0	0.0	0	0.5002599	True	False	False
S1-328848404	S2-475283436	3	1	1	0.01	1.0	1	1	0.0	1.0	0	0.0	0.0	34.0	0.0	0	1	13.0	13.0	34.0	0.0	0	0.5002599	True	False	False
S1-224423896	S2-83202213	3	1	1	0.01	1.0	1	1	0.0	1.0	0	0.0	0.0	33.0	0.0	0	1	13.0	13.0	33.0	0.0	0	0.5002599	True	False	False
S1-803228837	S2-15514991	3	1	1	0.01	1.0	1	1	0.0	1.0	0	0.0	0.0	35.0	0.0	0	1	13.0	13.0	35.0	0.0	0	0.5002599	True	False	False
S1-173666553	S2-349824935	3	1	1	0.01	1.0	1	1	0.0	1.0	0	0.0	0.0	32.0	0.0	0	1	13.0	13.0	32.0	0.0	0	0.5002599	True	False	False
S1-509834542	S2-164236764	3	1	1	0.01	1.0	1	1	0.0	1.0	0	0.0	0.0	32.0	0.0	0	1	13.0	13.0	32.0	0.0	0	0.5002599	True	False	False
S1-440925287	S2-843071321	3	1	1	0.01	1.0	1	1	0.0	1.0	0	0.0	0.0	33.0	0.0	0	1	13.0	13.0	33.0	0.0	0	0.5002599	True	False	False
S1-636410857	S2-417411668	3	1	1	0.01	1.0	1	1	0.0	1.0	0	0.0	0.0	34.0	0.0	0	1	13.0	13.0	34.0	0.0	0	0.5002599	True	False	False
S1-10487473	S2-282216699	3	1	1	0.01	1.0	1	1	0.0	1.0	0	0.0	0.0	35.0	0.0	0	1	13.0	13.0	35.0	0.0	0	0.5002599	True	False	False
S1-406483277	S2-962221366	3	1	1	0.01	1.0	1	1	0.0	1.0	0	0.0	0.0	33.0	0.0	0	1	13.0	13.0	33.0	0.0	0	0.5002599	True	False	False
S1-322060870	S2-63283601	3	1	1	0.01	1.0	1	1	0.0	1.0	0	0.0	0.0	36.0	0.0	0	1	13.0	13.0	36.0	0.0	0	0.5002599	True	False	False
S1-219316567	S2-3829859	3	1	1	0.01	1.0	1	1	0.0	1.0	0	0.0	0.0	33.0	0.0	0	1	13.0	13.0	33.0	0.0	0	0.5002599	True	False	False
S1-629012007	S2-969775972	3	1	1	0.01	1.0	1	1	0.0	1.0	0	0.0	0.0	32.0	0.0	0	1	13.0	13.0	32.0	0.0	0	0.5002599	True	False	False
S1-648175282	S2-126968081	3	1	1	0.01	1.0	1	1	0.0	1.0	0	0.0	0.0	32.0	0.0	0	1	13.0	13.0	32.0	0.0	0	0.5002599	True	False	False
S1-351578975	S2-245695849	3	1	1	0.01	1.0	1	1	0.0	1.0	0	0.0	0.0	34.0	0.0	0	1	13.0	13.0	34.0	0.0	0	0.5002599	True	False	False
S1-825522328	S2-981976168	3	1	1	0.01	1.0	1	1	0.0	1.0	0	0.0	0.0	34.0	0.0	0	1	13.0	13.0	34.0	0.0	0	0.5002599	True	False	False
S1-958834942	S2-172353435	3	1	1	0.01	1.0	1	1	0.0	1.0	0	0.0	0.0	34.0	0.0	0	1	13.0	13.0	34.0	0.0	0	0.5002599	True	False	False
S1-562922744	S2-794343867	3	1	1	0.01	1.0	1	1	0.0	1.0	0	0.0	0.0	35.0	0.0	0	1	13.0	13.0	35.0	0.0	0	0.5002599	True	False	False
S1-444290893	S2-118825487	3	1	1	0.01	1.0	1	1	0.0	1.0	0	0.0	0.0	35.0	0.0	0	1	13.0	13.0	35.0	0.0	0	0.5002599	True	False	False
S1-8352008	S2-147559795	3	1	1	0.01	1.0	1	1	0.0	1.0	0	0.0	0.0	35.0	0.0	0	1	13.0	13.0	35.0	0.0	0	0.5002599	True	False	False
S1-419620484	S2-390070516	3	1	1	0.01	1.0	1	1	0.0	1.0	0	0.0	0.0	36.0	0.0	0	1	13.0	13.0	36.0	0.0	0	0.5002599	True	False	False
S1-923775860	S2-465665841	3	1	1	0.01	1.0	1	1	0.0	1.0	0	0.0	0.0	32.0	0.0	0	1	13.0	13.0	32.0	0.0	0	0.5002599	True	False	False
S1-360217063	S2-974992345	3	1	1	0.01	1.0	1	1	0.0	1.0	0	0.0	0.0	36.0	0.0	0	1	13.0	13.0	36.0	0.0	0	0.5002599	True	False	False
S1-624042293	S2-904870688	3	1	1	0.01	1.0	1	1	0.0	1.0	0	0.0	0.0	34.0	0.0	0	1	13.0	13.0	34.0	0.0	0	0.5002599	True	False	False
S1-778538292	S2-564027284	3	1	1	0.01	1.0	1	1	0.0	1.0	0	0.0	0.0	32.0	0.0	0	1	13.0	13.0	32.0	0.0	0	0.5002599	True	False	False
S1-465246339	S2-117264335	3	1	1	0.01	1.0	1	1	0.0	1.0	0	0.0	0.0	33.0	0.0	0	1	13.0	13.0	33.0	0.0	0	0.5002599	True	False	False
S1-679820019	S2-802269018	3	1	1	0.01	1.0	1	1	0.0	1.0	0	0.0	0.0	36.0	0.0	0	1	13.0	13.0	36.0	0.0	0	0.5002599	True	False	False
S1-701803806	S2-808429223	3	1	1	0.01	1.0	1	1	0.0	1.0	0	0.0	0.0	35.0	0.0	0	1	13.0	13.0	35.0	0.0	0	0.5002599	True	False	False
S1-543582251	S2-784456191	3	1	1	0.01	1.0	1	1	0.0	1.0	0	0.0	0.0	36.0	0.0	0	1	13.0	13.0	36.0	0.0	0	0.5002599	True	False	False
S1-298943607	S2-681433138	3	1	1	0.01	1.0	1	1	0.0	1.0	0	0.0	0.0	34.0	0.0	0	1	13.0	13.0	34.0	0.0	0	0.5002599	True	False	False
S1-666376267	S2-662584626	3	1	1	0.01	1.0	1	1	0.0	1.0	0	0.0	0.0	32.0	0.0	0	1	13.0	13.0	32.0	0.0	0	0.5002599	True	False	False
S1-806196644	S2-645522880	3	1	1	0.01	1.0	1	1	0.0	1.0	0	0.0	0.0	35.0	0.0	0	1	13.0	13.0	35.0	0.0	0	0.5002599	True	False	False
S1-536915752	S2-721800285	3	1	1	0.01	1.0	1	1	0.0	1.0	0	0.0	0.0	33.0	0.0	0	1	13.0	13.0	33.0	0.0	0	0.5002599	True	False	False
S1-91974956	S2-928038833	3	1	1	0.01	1.0	1	1	0.0	1.0	0	0.0	0.0	35.0	0.0	0	1	13.0	13.0	35.0	0.0	0	0.5002599	True	False	False
S1-775262405	S2-763022410	3	1	1	0.01	1.0	1	1	0.0	1.0	0	0.0	0.0	36.0	0.0	0	1	13.0	13.0	36.0	0.0	0	0.5002599	True	False	False
S1-893801718	S2-368109615	3	1	1	0.01	1.0	1	1	0.0	1.0	0	0.0	0.0	33.0	0.0	0	1	13.0	13.0	33.0	0.0	0	0.5002599	True	False	False
S1-680416263	S2-987648382	3	1	1	0.01	1.0	1	1	0.0	1.0	0	0.0	0.0	33.0	0.0	0	1	13.0	13.0	33.0	0.0	0	0.5002599	True	False	False
S1-917244487	S2-132906535	3	1	1	0.01	1.0	1	1	0.0	1.0	0	0.0	0.0	33.0	0.0	0	1	13.0	13.0	33.0	0.0	0	0.5002599	True	False	False
S1-252614706	S2-998260952	3	1	1	0.01	1.0	1	1	0.0	1.0	0	0.0	0.0	32.0	0.0	0	1	13.0	13.0	32.0	0.0	0	0.5002599	True	False	False
S1-260453708	S2-891497440	3	1	1	0.01	1.0	1	1	0.0	1.0	0	0.0	0.0	34.0	0.0	0	1	13.0	13.0	34.0	0.0	0	0.5002599	True	False	False
S1-242336013	S2-422666158	3	1	1	0.01	1.0	1	1	0.0	1.0	0	0.0	0.0	34.0	0.0	0	1	13.0	13.0	34.0	0.0	0	0.5002599	True	False	False
S1-510673379	S2-600960994	3	1	1	0.01	1.0	1	1	0.0	1.0	0	0.0	0.0	32.0	0.0	0	1	13.0	13.0	32.0	0.0	0	0.5002599	True	False	False
S1-513724144	S2-164707172	3	1	1	0.01	1.0	1	1	0.0	1.0	0	0.0	0.0	34.0	0.0	0	1	13.0	13.0	34.0	0.0	0	0.5002599	True	False	False
S1-58321554	S2-448447509	3	1	1	0.01	1.0	1	1	0.0	1.0	0	0.0	0.0	35.0	0.0	0	1	13.0	13.0	35.0	0.0	0	0.5002599	True	False	False
S1-521417418	S2-258327215	3	1	1	0.01	1.0	1	1	0.0	1.0	0	0.0	0.0	36.0	0.0	0	1	13.0	13.0	36.0	0.0	0	0.5002599	True	False	False
S1-593146440	S3-634341222	0	1	0	0.008805797	0.7692308	1	1	1.0	0.9583333	0	0.0053112013	0.75	5.0	0.8780488	1	1	24.0	23.0	36.0	41.0	1	0.5002666	True	False	False
S1-163853818	S3-936712672	3	1	0	0.0092	0.6666667	1	1	8.0	0.6	0	0.006383459	0.6060606	3.0	0.9491525	1	1	20.0	12.0	56.0	59.0	1	0.50027007	True	False	False
S1-413907552	S3-370489657	4	1	0	0.009199309	0.8125	1	1	1.0	0.96875	0	0.004942143	0.40625	125.0	0.20886075	1	1	32.0	31.0	158.0	33.0	1	0.50027674	True	False	False
S1-597276301	S3-202218411	0	1	0	0.0058241757	0.3043478	1	1	0.0	1.0	0	0.004905425	0.5714286	79.0	0.185567	1	1	26.0	26.0	97.0	18.0	1	0.50029993	True	False	False
S1-347559313	S2-623070612	4	1	0	0.009166666	0.7222222	1	1	8.0	0.71428573	0	0.0065675974	0.73333335	8.0	0.8961039	1	1	28.0	20.0	77.0	69.0	0	0.5003008	True	False	False
S1-280371464	S3-388593570	3	1	0	0.009150835	1.0	1	1	3.0	0.9268293	0	0.0052061495	0.42307693	32.0	0.3962264	1	1	38.0	41.0	53.0	21.0	1	0.5003017	True	False	False
S1-428712439	S2-437109409	4	1	1	0.01	1.0	1	1	0.0	1.0	0	0.006771863	0.68	12.0	0.8095238	0	1	24.0	24.0	63.0	51.0	0	0.50031376	True	False	False
S1-648297182	S3-916937848	2	1	0	0.009263075	0.9285714	1	1	2.0	0.9375	0	0.006539579	0.625	7.0	0.7941176	1	1	30.0	32.0	27.0	34.0	1	0.50031567	True	False	False
S1-133166492	S3-232606833	2	1	1	0.01	1.0	1	1	0.0	1.0	0	0.006841785	0.65217394	21.0	0.5882353	0	1	14.0	14.0	30.0	51.0	1	0.5003194	True	False	False
S1-133166492	S3-533998044	2	1	1	0.01	1.0	1	1	0.0	1.0	0	0.006841785	0.65217394	21.0	0.5882353	0	1	14.0	14.0	30.0	51.0	1	0.5003194	True	False	False
S1-390355169	S2-682469472	3	1	1	0.01	1.0	1	1	0.0	1.0	0	0.0	0.0	31.0	0.0	0	1	13.0	13.0	31.0	0.0	0	0.50035155	True	False	False
S1-872046185	S2-589755983	3	1	1	0.01	1.0	1	1	0.0	1.0	0	0.0	0.0	31.0	0.0	0	1	13.0	13.0	31.0	0.0	0	0.50035155	True	False	False
S1-97522099	S2-288157621	3	1	1	0.01	1.0	1	1	0.0	1.0	0	0.0	0.0	31.0	0.0	0	1	13.0	13.0	31.0	0.0	0	0.50035155	True	False	False
S1-759215610	S2-274480041	3	1	1	0.01	1.0	1	1	0.0	1.0	0	0.0	0.0	31.0	0.0	0	1	13.0	13.0	31.0	0.0	0	0.50035155	True	False	False
S1-679442459	S3-358231238	3	1	0	0.009859606	1.0	1	1	1.0	0.9655172	0	0.008214706	0.95652175	10.0	0.76744187	1	1	28.0	29.0	33.0	43.0	1	1.08877454e-29	False	False	True
S1-740608141	S2-139069738	3	1	0	0.00979064	1.0	1	1	1.0	0.9655172	0	0.009469697	0.95238096	3.0	0.9166667	1	1	28.0	29.0	33.0	36.0	0	2.4807177e-29	False	False	True
S1-997017253	S3-559983435	3	1	0	0.009795402	1.0	1	1	1.0	0.96666664	0	0.009037229	0.95652175	2.0	0.94285715	1	1	29.0	30.0	33.0	35.0	1	2.6251466e-29	False	False	True
S1-144857365	S3-95150117	3	1	0	0.009933333	1.0	1	1	1.0	0.96666664	0	0.009692308	0.95238096	6.0	0.84615386	1	1	30.0	29.0	33.0	39.0	1	3.855354e-29	False	False	True
S1-33020896	S3-389678882	4	1	1	0.01	1.0	1	1	0.0	1.0	0	0.005591697	0.875	4.0	0.84	1	1	25.0	25.0	21.0	25.0	1	7.655429e-14	False	False	True
S1-928118288	S3-496591024	4	1	1	0.01	1.0	1	1	0.0	1.0	0	0.0055901115	0.875	3.0	0.8636364	1	1	24.0	24.0	19.0	22.0	1	1.0216622e-12	False	False	True
S1-349496324	S2-979592800	1	1	0	0.008980952	0.9	1	1	5.0	0.75	0	0.0074915825	1.0	0.0	1.0	1	1	15.0	20.0	22.0	22.0	0	1.6876433e-11	False	False	True
S1-957333323	S2-760595432	3	1	0	0.009728571	0.8	1	1	2.0	0.93333334	0	0.006777778	0.6666667	0.0	1.0	1	1	28.0	30.0	20.0	20.0	0	8.105263e-11	False	False	True
S1-634526134	S2-89906048	1	1	0	0.009428571	0.8666667	1	1	8.0	0.71428573	0	0.0063333334	1.0	0.0	1.0	1	1	28.0	20.0	20.0	20.0	0	1.4191913e-10	False	False	True
S1-448457194	S2-863977631	1	1	0	0.0096	0.9230769	1	1	4.0	0.8	0	0.006892911	1.0	0.0	1.0	1	1	16.0	20.0	17.0	17.0	0	3.2468134e-10	False	False	True
S1-603795729	S2-792409942	3	1	0	0.009666666	0.8125	1	1	5.0	0.8333333	0	0.0060250307	0.9375	1.0	0.95238096	1	1	25.0	30.0	21.0	20.0	0	3.6704926e-09	False	False	True
S1-564417692	S2-535740752	3	1	0	0.009757576	0.9375	1	1	4.0	0.8787879	0	0.006892911	1.0	0.0	1.0	1	1	33.0	29.0	17.0	17.0	0	1.4464685e-08	False	False	True
S1-273960598	S2-319614291	3	1	0	0.009862069	0.8947368	1	1	2.0	0.9310345	0	0.0057037035	1.0	0.0	1.0	1	1	27.0	29.0	18.0	18.0	0	4.3895707e-08	False	False	True
S1-929049827	S2-914174966	3	1	0	0.009757576	1.0	1	1	4.0	0.8787879	0	0.005677831	1.0	0.0	1.0	1	1	33.0	29.0	19.0	19.0	0	4.407199e-08	False	False	True
S1-449030814	S2-767346604	2	1	0	0.008988456	0.8235294	1	1	4.0	0.84615386	0	0.009836337	0.95	0.0	1.0	1	1	22.0	26.0	37.0	37.0	0	1.0048713e-06	False	False	True
S1-13762889	S2-952210108	2	1	0	0.009586207	0.78571427	1	1	6.0	0.79310346	0	0.009891892	0.96	0.0	1.0	1	1	23.0	29.0	37.0	37.0	0	1.0316351e-06	False	False	True
S1-163657728	S2-674740877	2	1	0	0.009118182	0.8333333	1	1	2.0	0.9166667	0	0.009862069	0.95238096	0.0	1.0	1	1	22.0	24.0	29.0	29.0	0	1.8899093e-06	False	False	True
S1-870902025	S2-809278693	2	1	0	0.009506087	0.84615386	1	0	2.0	0.92	0	0.009888889	0.94736844	0.0	1.0	1	1	23.0	25.0	36.0	36.0	0	1.9079812e-06	False	False	True
S1-47529353	S2-85938268	2	1	0	0.00962963	0.78571427	1	1	5.0	0.8148148	0	0.009894737	0.95238096	0.0	1.0	1	1	22.0	27.0	38.0	38.0	0	2.3883583e-06	False	False	True
S1-111528970	S2-407868745	2	1	0	0.009251172	0.84615386	1	1	2.0	0.9130435	0	0.009810484	0.94736844	0.0	1.0	1	1	21.0	23.0	32.0	32.0	0	3.4867041e-06	False	False	True
S1-867449742	S2-176362172	1	1	0	0.009489362	1.0	1	1	0.0	1.0	0	0.00963694	0.95652175	8.0	0.8730159	1	1	47.0	47.0	63.0	55.0	0	4.7560243e-06	False	False	True
S1-777306500	S3-929655451	1	1	0	0.009514222	0.90909094	1	1	0.0	1.0	0	0.009642006	1.0	3.0	0.94827586	1	1	50.0	50.0	58.0	55.0	1	5.5878277e-06	False	False	True
S1-471341160	S3-302779982	3	1	0	0.009771429	1.0	1	1	4.0	0.8857143	0	0.009477819	0.9047619	2.0	0.95	1	1	31.0	35.0	38.0	40.0	1	7.262403e-06	False	False	True
S1-11064590	S2-483891965	2	1	0	0.009692308	0.85714287	1	1	4.0	0.84615386	0	0.009843137	0.94736844	0.0	1.0	1	1	22.0	26.0	34.0	34.0	0	1.576586e-05	False	False	True
S1-754314530	S3-309483597	1	1	1	0.01	1.0	1	1	0.0	1.0	0	0.009668296	0.92	4.0	0.93442625	1	1	47.0	47.0	61.0	57.0	1	1.9994175e-05	False	False	True
S1-990644832	S3-281274273	1	1	0	0.0069293478	1.0	1	1	0.0	1.0	0	0.0056351693	0.7777778	7.0	0.7586207	1	1	23.0	23.0	22.0	29.0	1	3.495882e-05	False	False	True
S1-249563463	S2-421999503	3	1	0	0.0064758584	0.7222222	1	0	10.0	0.7222222	0	0.0065097786	0.6923077	46.0	0.5106383	1	1	26.0	36.0	94.0	48.0	0	0.00013255306	False	False	True
S1-875716469	S2-608747803	0	1	0	0.008231541	0.71428573	1	1	14.0	0.57575756	0	0.006270026	0.62857145	20.0	0.7777778	1	1	33.0	19.0	90.0	70.0	0	0.00013287409	False	False	True
S1-625257314	S3-671728719	3	1	0	0.0092192115	0.9230769	1	0	0.0	1.0	0	0.006864706	0.7647059	5.0	0.8	1	1	29.0	29.0	20.0	25.0	1	0.00013516229	False	False	True
S1-562754823	S3-279213943	0	1	0	0.006967276	0.625	1	1	12.0	0.61290324	0	0.0057655866	0.58064514	3.0	0.9508197	1	1	31.0	19.0	61.0	58.0	1	0.00014508296	False	False	True
S1-730887460	S3-655930624	3	1	0	0.009266667	0.6111111	1	1	11.0	0.6333333	0	0.0060452707	1.0	3.0	0.8636364	1	1	19.0	30.0	19.0	22.0	1	0.00015183627	False	False	True
S1-500576854	S3-714151831	3	1	0	0.0089	0.6363636	1	1	11.0	0.45	0	0.0059924643	1.0	5.0	0.8148148	1	1	20.0	9.0	22.0	27.0	1	0.00015304441	False	False	True
S1-457617334	S2-54343346	2	1	0	0.0062698415	0.5714286	1	0	10.0	0.6666667	0	0.006229659	0.6666667	19.0	0.75	1	1	30.0	20.0	76.0	57.0	0	0.00020558685	False	False	True
S1-969625527	S3-197159998	1	1	1	0.01	1.0	1	1	0.0	1.0	0	0.0057076025	0.4347826	8.0	0.7894737	0	1	7.0	7.0	30.0	38.0	1	0.00021408252	False	False	True
S1-411580928	S3-668995261	4	1	0	0.008260182	0.6875	1	1	11.0	0.65625	0	0.0057535013	0.67741936	20.0	0.71014494	1	1	32.0	21.0	49.0	69.0	1	0.00021865577	False	False	True
S1-279287014	S2-576889128	2	1	0	0.009637607	0.8333333	1	0	6.0	0.8666667	0	0.009882353	0.8947368	0.0	1.0	1	1	39.0	45.0	34.0	34.0	0	0.00022871139	False	False	True
S1-784184893	S3-994511998	3	1	0	0.0058127767	0.47826087	1	0	0.0	1.0	0	0.0061259177	0.6052632	47.0	0.5877193	1	1	31.0	31.0	114.0	67.0	1	0.00023933637	False	False	True
S1-205734785	S3-805296404	3	1	0	0.006697747	0.64705884	1	0	6.0	0.84615386	0	0.0055703437	0.58064514	43.0	0.5520833	1	1	33.0	39.0	96.0	53.0	1	0.00024047274	False	False	True
S1-265587750	S2-317817958	4	1	0	0.006867955	0.6666667	1	1	13.0	0.6388889	0	0.0058056535	0.61764705	4.0	0.9245283	1	1	36.0	23.0	53.0	49.0	0	0.00024832285	False	False	True
S1-544735973	S2-954177000	2	1	1	0.01	1.0	1	1	0.0	1.0	0	0.0053034304	0.38235295	15.0	0.7169811	0	1	13.0	13.0	38.0	53.0	0	0.00025236202	False	False	True
S1-261407255	S2-934103422	3	1	0	0.009816288	1.0	1	1	1.0	0.969697	0	0.0058832746	1.0	0.0	1.0	1	1	32.0	33.0	37.0	37.0	0	0.00025423436	False	False	True
S1-730887460	S3-45754945	3	1	0	0.009407408	0.84615386	1	1	8.0	0.7037037	0	0.0060452707	1.0	3.0	0.8636364	1	1	19.0	27.0	19.0	22.0	1	0.0002615947	False	False	True
S1-824012852	S2-194632444	2	1	1	0.01	1.0	1	1	0.0	1.0	0	0.0062078997	0.4074074	4.0	0.8947368	0	1	17.0	17.0	34.0	38.0	0	0.00026885688	False	False	True
S1-255396276	S2-160183434	3	1	0	0.006869522	0.5294118	1	1	14.0	0.5483871	0	0.0065535298	0.6	8.0	0.880597	1	1	31.0	17.0	59.0	67.0	0	0.00029711495	False	False	True
S1-646354936	S2-184430390	2	1	1	0.01	1.0	1	1	0.0	1.0	0	0.005938617	0.37037036	1.0	0.9655172	0	1	16.0	16.0	28.0	29.0	0	0.00031141797	False	False	True
S1-340852628	S3-969461992	2	1	0	0.005725351	0.64705884	1	0	11.0	0.65625	0	0.0045081587	0.4117647	76.0	0.26923078	1	1	32.0	21.0	104.0	28.0	1	0.00032188057	False	False	True
S1-555767436	S2-80061701	2	1	1	0.01	1.0	1	1	0.0	1.0	0	0.006058201	0.42307693	6.0	0.8333333	0	1	17.0	17.0	36.0	30.0	0	0.00033190375	False	False	True
S1-206566586	S3-280666048	0	1	0	0.0051693404	0.3181818	1	0	12.0	0.64705884	0	0.00516835	0.3548387	42.0	0.36363637	1	1	34.0	22.0	66.0	24.0	1	0.00034049636	False	False	True
S1-151927779	S2-933912790	2	1	1	0.01	1.0	1	1	0.0	1.0	0	0.005523088	0.39285713	5.0	0.8484849	0	1	20.0	20.0	28.0	33.0	0	0.00034392692	False	False	True
S1-704623334	S2-832999031	3	1	1	0.01	1.0	1	1	0.0	1.0	0	0.0056904764	0.45454547	1.0	0.9722222	0	1	15.0	15.0	36.0	35.0	0	0.0003444095	False	False	True
S1-692955621	S3-447121188	4	1	0	0.0057777776	0.42307693	1	0	18.0	0.6	0	0.0044323476	0.44444445	25.0	0.47916666	1	1	45.0	27.0	48.0	23.0	1	0.00035110672	False	False	True
S1-803272950	S3-84758895	3	1	0	0.008764026	0.5833333	1	1	5.0	0.7368421	0	0.0062401737	0.5	39.0	0.53571427	1	1	14.0	19.0	45.0	84.0	1	0.00035716157	False	False	True
S1-445984468	S2-312738345	2	1	0	0.009722223	0.94736844	1	1	5.0	0.8611111	0	0.0099	0.9	0.0	1.0	1	1	31.0	36.0	40.0	40.0	0	0.00035883734	False	False	True
S1-696704558	S3-888614579	0	1	1	0.01	1.0	1	1	0.0	1.0	0	0.0062503126	0.41666666	12.0	0.6923077	0	1	14.0	14.0	27.0	39.0	1	0.00036501823	False	False	True
S1-701180568	S2-384470327	2	1	1	0.01	1.0	1	1	0.0	1.0	0	0.0058597885	0.39130434	1.0	0.96428573	0	1	12.0	12.0	28.0	27.0	0	0.00036631405	False	False	True
S1-576285625	S3-615614107	2	1	1	0.01	1.0	1	1	0.0	1.0	0	0.0059523396	0.45833334	6.0	0.8378378	0	1	12.0	12.0	31.0	37.0	1	0.00037468757	False	False	True
S1-659911595	S3-496366919	1	1	1	0.01	1.0	1	1	0.0	1.0	0	0.0054312865	0.4642857	5.0	0.8780488	0	1	13.0	13.0	36.0	41.0	1	0.0003819803	False	False	True
S1-75922675	S2-409836195	4	1	0	0.0064426525	0.5714286	1	0	7.0	0.7741935	0	0.0062586367	0.6875	1.0	0.98571426	1	1	31.0	24.0	70.0	69.0	0	0.00038537857	False	False	True
S1-939409219	S3-200094086	2	1	0	0.006941614	0.7647059	1	0	3.0	0.90625	0	0.0052730246	0.6111111	64.0	0.46666667	1	1	32.0	29.0	120.0	56.0	1	0.0003915388	False	False	True
S1-366389365	S2-813204685	0	1	1	0.01	1.0	1	1	0.0	1.0	0	0.005671116	0.44	2.0	0.9354839	0	1	15.0	15.0	31.0	29.0	0	0.00039198666	False	False	True
S1-262109224	S2-962190022	0	1	0	0.009659091	0.9375	1	0	2.0	0.9166667	0	0.009470906	1.0	11.0	0.87058824	1	1	22.0	24.0	85.0	74.0	0	0.00039346112	False	False	True
S1-787480772	S3-656499566	0	1	0	0.008236343	0.73333335	1	1	16.0	0.5897436	0	0.006650053	0.64705884	2.0	0.97938144	1	1	23.0	39.0	97.0	95.0	1	0.0003956536	False	False	True
S1-538338885	S3-89967094	4	1	0	0.008698426	0.625	1	1	10.0	0.6969697	0	0.006388369	0.6060606	62.0	0.56643355	1	1	23.0	33.0	143.0	81.0	1	0.0003957666	False	False	True
S1-796849357	S3-19039261	3	1	0	0.006370279	0.625	1	0	6.0	0.82857144	0	0.0049383435	0.34285715	71.0	0.3364486	1	1	35.0	29.0	107.0	36.0	1	0.0004012549	False	False	True
S1-615389886	S2-77915315	2	1	1	0.01	1.0	1	1	0.0	1.0	0	0.004832789	0.37931034	9.0	0.775	0	1	14.0	14.0	40.0	31.0	0	0.0004111828	False	False	True
S1-474256397	S2-518772935	0	1	1	0.01	1.0	1	1	0.0	1.0	0	0.005447574	0.44444445	4.0	0.902439	0	1	16.0	16.0	37.0	41.0	0	0.00041348243	False	False	True
S1-208067602	S2-865317521	0	1	1	0.01	1.0	1	1	0.0	1.0	0	0.0059509887	0.47619048	8.0	0.7777778	0	1	7.0	7.0	28.0	36.0	0	0.0004142281	False	False	True
S1-471536802	S3-436284798	0	1	0	0.008535238	0.7222222	1	1	5.0	0.85714287	0	0.006510075	0.6486486	5.0	0.94505495	1	1	35.0	30.0	86.0	91.0	1	0.00041572735	False	False	True
S1-462877980	S2-988298757	4	1	0	0.006526852	0.45833334	1	0	1.0	0.9655172	0	0.00633282	0.61290324	17.0	0.79012346	1	1	29.0	28.0	81.0	64.0	0	0.00043109714	False	False	True
S1-585902725	S2-99451057	3	1	1	0.01	1.0	1	1	0.0	1.0	0	0.0057299333	0.35714287	6.0	0.82857144	0	1	27.0	27.0	29.0	35.0	0	0.0004333934	False	False	True
S1-49869648	S3-10713216	0	1	0	0.0065037594	0.5263158	1	0	9.0	0.6785714	0	0.005478981	0.45454547	45.0	0.45783132	1	1	19.0	28.0	83.0	38.0	1	0.0004335894	False	False	True
S1-981627119	S2-738221323	1	1	1	0.01	1.0	1	1	0.0	1.0	0	0.0055855378	0.44827586	2.0	0.95238096	0	1	9.0	9.0	40.0	42.0	0	0.0004416773	False	False	True
S1-981627119	S2-564548079	1	1	1	0.01	1.0	1	1	0.0	1.0	0	0.0055855378	0.44827586	2.0	0.95238096	0	1	9.0	9.0	40.0	42.0	0	0.0004416773	False	False	True
S1-961043606	S2-32375541	4	1	1	0.01	1.0	1	1	0.0	1.0	0	0.004867725	0.4347826	8.0	0.7777778	0	1	14.0	14.0	28.0	36.0	0	0.00045161435	False	False	True
S1-984730744	S3-938222379	3	1	1	0.01	1.0	1	1	0.0	1.0	0	0.0047957515	0.39285713	5.0	0.8648649	0	1	22.0	22.0	32.0	37.0	1	0.00045219864	False	False	True
S1-433669245	S2-415361892	3	1	0	0.006219903	0.68	1	0	9.0	0.7631579	0	0.0052744034	0.53571427	11.0	0.7708333	1	1	38.0	29.0	48.0	37.0	0	0.00045397624	False	False	True
S1-26884859	S2-805390386	0	1	1	0.01	1.0	1	1	0.0	1.0	0	0.006024024	0.4347826	7.0	0.8108108	0	1	15.0	15.0	37.0	30.0	0	0.00045637807	False	False	True
S1-769314830	S3-767872157	4	1	0	0.006290373	0.48	1	0	3.0	0.8965517	0	0.0054425513	0.5	22.0	0.67164177	1	1	29.0	26.0	67.0	45.0	1	0.0004588345	False	False	True
S1-37922794	S3-940780614	3	1	1	0.01	1.0	1	1	0.0	1.0	0	0.005359455	0.45454547	14.0	0.6585366	0	1	16.0	16.0	27.0	41.0	1	0.00046040936	False	False	True
S1-128343444	S3-336307478	0	1	1	0.01	1.0	1	1	0.0	1.0	0	0.006126874	0.44827586	7.0	0.84090906	0	1	15.0	15.0	37.0	44.0	1	0.0004622677	False	False	True
S1-183907972	S2-319825729	1	1	1	0.01	1.0	1	1	0.0	1.0	0	0.0060857595	0.5185185	1.0	0.972973	0	1	6.0	6.0	37.0	36.0	0	0.00046856416	False	False	True
S1-606839876	S3-287497829	3	1	1	0.01	1.0	1	1	0.0	1.0	0	0.006046491	0.42307693	15.0	0.625	0	1	16.0	16.0	25.0	40.0	1	0.0004712531	False	False	True
S1-218154687	S2-441616103	1	1	0	0.0088010095	0.85714287	1	1	9.0	0.7567568	0	0.0062323953	0.7058824	28.0	0.72	1	1	28.0	37.0	100.0	72.0	0	0.00047599804	False	False	True
S1-507541735	S2-888769403	3	1	0	0.006631427	0.6315789	1	0	14.0	0.5483871	0	0.0063726553	0.7307692	17.0	0.79761904	1	1	31.0	17.0	84.0	67.0	0	0.00047936445	False	False	True
S1-274350247	S3-694285658	0	1	0	0.008464696	0.6363636	1	1	3.0	0.90625	0	0.0061624227	0.6363636	2.0	0.97333336	1	1	29.0	32.0	75.0	73.0	1	0.00048325636	False	False	True
S1-898550903	S3-602398394	3	1	0	0.009764706	1.0	1	0	2.0	0.88235295	0	0.007623423	0.962963	14.0	0.8292683	1	1	15.0	17.0	82.0	68.0	1	0.0004885132	False	False	True
S1-217511486	S2-515129596	4	1	1	0.01	1.0	1	1	0.0	1.0	0	0.0055198413	0.2857143	7.0	0.8333333	0	1	26.0	26.0	35.0	42.0	0	0.00049193815	False	False	True
S1-226757951	S3-451154452	3	1	0	0.006550505	0.65	1	1	0.0	1.0	0	0.006080658	0.4848485	10.0	0.84126985	1	1	30.0	30.0	53.0	63.0	1	0.0004959562	False	False	True
S1-548794505	S3-466735227	4	1	0	0.008522059	0.5	1	0	15.0	0.53125	0	0.0065099457	0.5405405	38.0	0.6513761	1	1	32.0	17.0	71.0	109.0	1	0.0005005319	False	False	True
S1-152894272	S3-242174341	3	1	0	0.006835979	0.57894737	1	0	22.0	0.47619048	0	0.005230311	0.375	60.0	0.25925925	1	1	42.0	20.0	81.0	21.0	1	0.00050433807	False	False	True
S1-637285917	S3-650321236	3	1	1	0.01	1.0	1	1	0.0	1.0	0	0.005885135	0.47826087	5.0	0.8648649	0	1	11.0	11.0	32.0	37.0	1	0.0005053638	False	False	True
S1-110081626	S3-561074049	2	1	1	0.01	1.0	1	1	0.0	1.0	0	0.0053977934	0.46153846	5.0	0.8780488	0	1	18.0	18.0	36.0	41.0	1	0.0005286372	False	False	True
S1-532508680	S3-883318728	4	1	0	0.0065522874	0.73333335	1	0	19.0	0.4722222	0	0.0054354286	0.59090906	15.0	0.63414633	1	1	17.0	36.0	26.0	41.0	1	0.0005294423	False	False	True
S1-326943164	S3-297430581	4	1	0	0.006845238	0.68421054	1	0	14.0	0.6666667	0	0.006417393	0.5714286	28.0	0.6164383	1	1	42.0	28.0	73.0	45.0	1	0.0005343723	False	False	True
S1-505497983	S2-511113089	3	1	0	0.00658811	0.64285713	1	1	22.0	0.43589744	0	0.006417889	0.7	2.0	0.9354839	1	1	17.0	39.0	31.0	29.0	0	0.0005347758	False	False	True
S1-564034488	S2-589064237	2	1	0	0.008980464	0.5882353	1	1	1.0	0.962963	0	0.0066165123	0.6666667	28.0	0.7586207	1	1	26.0	27.0	116.0	88.0	0	0.0005458298	False	False	True
S1-874481606	S2-366124545	2	1	0	0.006830827	0.57894737	1	1	16.0	0.54285717	0	0.0061640213	0.5769231	1.0	0.9791667	1	1	35.0	19.0	48.0	47.0	0	0.00054825464	False	False	True
S1-144180409	S3-630964212	3	1	0	0.008459047	0.6363636	1	1	29.0	0.42	0	0.006048442	0.61290324	4.0	0.9444444	1	1	21.0	50.0	72.0	68.0	1	0.0005503273	False	False	True
S1-342556452	S3-711153555	3	1	1	0.01	1.0	1	1	0.0	1.0	0	0.0060668592	0.45833334	17.0	0.62222224	0	1	11.0	11.0	28.0	45.0	1	0.00055323815	False	False	True
S1-592647933	S3-82984373	4	1	0	0.006756656	0.7	1	0	9.0	0.7096774	0	0.0054910555	0.41935483	66.0	0.23255815	1	1	22.0	31.0	86.0	20.0	1	0.00055484724	False	False	True
