slice_category	slice_name	condition	entity_count	pct_of_all_s1	actual_e02_macro_f05	cand_oracle_macro_f05	ranking_oracle_macro_f05	macro_f05_loss_impact	pct_of_total_loss	mean_actual_matches	mean_predicted_matches	mean_true_positives	mean_false_positives	mean_false_negatives
candidate_coverage	zero_candidates	total_cands = 0	124148	5.625648840572026	0.36098849759963914	0.36098849759963914	0.36098849759963914	0.03594854317590779	12.782393460028818	1.7148564616425557	0.0	0.0	0.0	1.7148564616425557
candidate_coverage	has_candidates	total_cands > 0	2082673	94.37435115942797	0.7400922083558111	0.8097694304892386	0.8052922240938819	0.24528629197690505	87.21760653993832	3.565355194982602	2.5138804795568004	2.1561310873094337	0.35774939224736674	1.4092241076731682
truth_capture_status	true_no_match	A = 0	123247	5.584820880352326	0.7789155111280599	1.0	1.0	0.012347172697740324	4.390342572970115	0.0	0.36786290944201483	0.0	0.36786290944201483	0.0
truth_capture_status	zero_captured_truth	A > 0 AND K = 0	258666	11.721204393106646	0.0	0.0	0.0	0.11721204393106645	41.67764063343687	2.741519952371011	0.3816388702032737	0.0	0.3816388702032737	2.741519952371011
truth_capture_status	partial_truth_capture	A > 0 AND K > 0 AND K < A	1279869	57.99604952100782	0.7660754161475161	0.830565416543075	0.8249013034280086	0.13566701749282986	48.23976283701439	4.127913091105418	2.5678628047089194	2.237035196570899	0.33082760813802037	1.8908778945345188
truth_capture_status	full_truth_capture	A > 0 AND K = A	545039	24.69792520553321	0.935182405412842	1.0	0.996192503496402	0.01600860103115814	5.69225395653934	3.020038932993786	3.3117043000592616	2.9858487190824876	0.32585558097677414	0.03419021391129809
truth_size	truth_size_0	A = 0	123247	5.584820880352326	0.7789155111280599	1.0	1.0	0.012347172697740324	4.390342572970115	0.0	0.36786290944201483	0.0	0.36786290944201483	0.0
truth_size	truth_size_1	A = 1	119157	5.399486410542586	0.5200327557107531	0.5884505316515186	0.5843715155506338	0.025915766130453398	9.21499149149258	1.0	0.9168743758234934	0.5790511677870372	0.3378232080364561	0.42094883221296275
truth_size	truth_size_2plus	A >= 2	1964417	89.01569270910508	0.7270459972505511	0.7828968742917216	0.778397568108915	0.2429718963246375	86.39466593551099	3.8277046065066633	2.5865185446878134	2.2508041826149947	0.3357143620728186	1.5769004238916686
candidate_count_bucket	cands_0	total_cands = 0	124148	5.625648840572026	0.36098849759963914	0.36098849759963914	0.36098849759963914	0.03594854317590779	12.782393460028818	1.7148564616425557	0.0	0.0	0.0	1.7148564616425557
candidate_count_bucket	cands_1	total_cands = 1	204812	9.28086147449204	0.6799725541125858	0.7035583097556706	0.7035583096753514	0.02970130393316159	10.561033065840943	2.590492744565748	0.8533289065093842	0.8246245337187275	0.028704372790656796	1.7658682108470207
candidate_count_bucket	cands_2_to_5	total_cands BETWEEN 2 AND 5	860722	39.00280086151074	0.844440949964014	0.8708981560498904	0.8687281265588155	0.06067238650758277	21.573567326606483	3.643248342670456	2.4811112066381478	2.4011701803834455	0.07994102625470245	1.2420781622870103
candidate_count_bucket	cands_6_to_10	total_cands BETWEEN 6 AND 10	305188	13.829304687602665	0.7839794558923404	0.8343895444229378	0.8303893042927833	0.029874139232463577	10.622488930370674	4.039185682267979	2.9888724327299894	2.7648170963471697	0.22405533638281977	1.2743685859208094
candidate_count_bucket	cands_11_to_25	total_cands BETWEEN 11 AND 25	282494	12.800947607440749	0.6753046436953917	0.7595382597437433	0.7533671939063308	0.04156408244434555	14.779137307704953	3.633595757786006	2.466700177702889	2.0619446784710473	0.4047554992318421	1.571651079314959
candidate_count_bucket	cands_26_to_50	total_cands BETWEEN 26 AND 50	158053	7.162021749838342	0.6191185287814774	0.7550131963743473	0.7472208650414202	0.027278813809774056	9.699656799252045	3.5168709230448014	2.645694798580223	1.9484856345656203	0.6972091640146026	1.5683852884791811
candidate_count_bucket	cands_51_to_100	total_cands BETWEEN 51 AND 100	135015	6.118076636029836	0.5896635607164432	0.7852376222406883	0.7760652039837297	0.025104697820923783	8.926596097981443	3.4849238973447396	3.1893271118023923	2.070562530089249	1.118764581713143	1.4143613672554902
candidate_count_bucket	cands_100plus	total_cands > 100	136389	6.180338142513597	0.4969390426267304	0.7201820247360164	0.7053521265568095	0.031090868228634258	11.055127012174855	3.4719222224666213	3.4277617696441793	1.767635219849108	1.6601265497950715	1.7042870026175132
score_margin	margin_very_small_lt_0.05	total_cands >= 2 AND margin < 0.05	1384003	62.71478293889717	0.8243999824336088	0.8814232323810631	0.8774936690215879	0.11012716985739299	39.15843846211927	3.9811864569657724	3.1684223227839823	2.814280026849653	0.3541422959343296	1.1669064301161196
score_margin	margin_small_0.05_0.20	total_cands >= 2 AND margin >= 0.05 AND margin < 0.20	120313	5.451869453843334	0.42408958068917685	0.5951227000634882	0.5806551449722342	0.031397884231907924	11.16429414401567	2.8351715940920763	1.7882024386392161	0.9108242667043461	0.8773781719348699	1.9243473273877303
score_margin	margin_medium_0.20_0.50	total_cands >= 2 AND margin >= 0.20 AND margin < 0.50	120444	5.457805594563402	0.3901696607115687	0.6156963455640911	0.6042132078913954	0.033283354375029287	11.834719677216864	2.809994686327256	1.7225266513898576	0.8257862575138654	0.8967403938759921	1.9842084288133905
score_margin	margin_large_gte_0.50	total_cands >= 2 AND margin >= 0.50	253101	11.469031697632024	0.644463624703233	0.6982881087984418	0.6952761910614694	0.0407765795794	14.499121190740855	2.786934859996602	1.0	0.8597595426331781	0.14024045736682195	1.927175317363424
score_margin	single_candidate_no_margin	total_cands = 1	204812	9.28086147449204	0.6799725541125682	0.7035583097556551	0.7035583096753514	0.02970130393316063	10.5610330658406	2.590492744565748	0.8533289065093842	0.8246245337187275	0.028704372790656796	1.7658682108470207
score_margin	zero_candidates_no_margin	total_cands = 0	124148	5.625648840572026	0.36098849759963914	0.36098849759963914	0.36098849759963914	0.03594854317590779	12.782393460028818	1.7148564616425557	0.0	0.0	0.0	1.7148564616425557
error_modes	has_high_conf_fp_gte_0.80	has_fp_80 = true	221508	10.037424874967204	0.45316658806147997	0.7687475038219028	0.7412565078882359	0.054887992914549114	19.516783148398716	3.426440580024198	3.9199125990934864	1.9390766924896619	1.9808359066038248	1.487363887534536
error_modes	no_high_conf_fp	has_fp_80 = false	1985313	89.9625751250328	0.7483988848432148	0.786282670303819	0.7846531633455128	0.2263468422382646	80.48321685156873	3.4651367315884194	2.1998037589035078	2.045518767065949	0.15428499183755912	1.4196179645224707
error_modes	has_low_conf_tp_0.50_0.60	has_tp_50_60 = true	16910	0.7662606074529833	0.8423390374579137	0.89641780450164	0.866336666941114	0.001208093849291209	0.42956764180169127	4.298817267888823	3.234890597279716	2.9270254287403903	0.30786516853932583	1.371791839148433
error_modes	no_low_conf_tp	has_tp_50_60 = false	2189911	99.23373939254702	0.7178109552076478	0.7836585614809627	0.7796328796888564	0.2800267413035415	99.57043235817251	3.4547851488028507	2.365798884064238	2.027945427919217	0.33785345614502144	1.426839720883634
error_modes	has_false_negatives	has_fn = true	1556319	70.5231190024021	0.6390567556462563	0.6944584812661493	0.6893487955991673	0.2545484337466832	90.51099007997608	3.8898805450553517	2.2064056276380355	1.8672560059987702	0.3391496216392655	2.0226245390565816
error_modes	zero_false_negatives	has_fn = false	650502	29.476880997597902	0.9094666718358222	1.0	0.9978904661510295	0.026686401406122995	9.48900991998868	2.4357649938047845	2.769737833242634	2.4357649938047845	0.33397283943784956	0.0
source_composition	s2_only_truth	A_s2 > 0 AND A_s3 = 0	143029	6.481223443133811	0.6095615953239879	0.6710796147460117	0.6678850529734888	0.025305185414859016	8.997884419652628	1.9276020946800998	1.4788189807661383	1.1414048899174294	0.337414090848709	0.7861972047626705
source_composition	s3_only_truth	A_s2 = 0 AND A_s3 > 0	164498	7.454070810455402	0.6207750008443526	0.6888234203490025	0.6834710679494236	0.028267699968009822	10.051279725941804	2.034517136986468	1.5312344223030068	1.1918321195394472	0.3394023027635594	0.8426850174470206
source_composition	both_s2_and_s3_truth	A_s2 > 0 AND A_s3 > 0	1776047	80.47988486605846	0.7324613753727152	0.7875692523268677	0.7830720793160248	0.21531477707220179	76.56049328140192	3.9570957300116496	2.6614464594686966	2.3260690736224885	0.3353773858462079	1.631026656389161
source_composition	neither_s2_nor_s3_truth	A = 0	123247	5.584820880352326	0.7789155111280599	1.0	1.0	0.012347172697740324	4.390342572970115	0.0	0.36786290944201483	0.0	0.36786290944201483	0.0
rule_provenance	rule_b_only	rule_provenance = 'B_ONLY'	657220	29.781300794219376	0.7689472201512542	0.8074108602085117	0.8047395196605557	0.06881052336015701	24.467283123993248	3.1990779343294484	2.017675968473266	1.8749003377864337	0.1427756306868324	1.3241775965430145
rule_provenance	rule_c_only	rule_provenance = 'C_ONLY'	4842	0.21941063638600503	0.4744862878177076	0.508622127198554	0.5079062282854444	0.0011530329801948864	0.40998938825198916	2.184221396117307	0.510326311441553	0.43804213135068154	0.07228418009087154	1.7461792647666254
rule_provenance	rule_d_only	rule_provenance = 'D_ONLY'	114575	5.191857427494119	0.4542383880396486	0.53359668345798	0.531178895671318	0.028335164786974974	10.075268510591641	2.8368317695832426	0.8532227798385337	0.6208946105171285	0.23232816932140518	2.215937159066114
rule_provenance	multiple_rules	rule_provenance = 'MULTIPLE_RULES'	1306036	59.181782301328475	0.7516337542840564	0.8363006649222368	0.8307201035730007	0.14698757084956388	52.26506551709635	3.8187040786012023	2.916692189189272	2.4387030679093074	0.47798912127996473	1.3800010106918952
rule_provenance	zero_candidates	rule_provenance = 'ZERO_CANDS'	124148	5.625648840572026	0.36098849759963914	0.36098849759963914	0.36098849759963914	0.03594854317590779	12.782393460028818	1.7148564616425557	0.0	0.0	0.0	1.7148564616425557
missing_fields	missing_business_name	missing_name = true	0	0.0	0.0	0.0	0.0	0.0	0.0	0.0	0.0	0.0	0.0	0.0
missing_fields	missing_business_address	missing_addr = true	0	0.0	0.0	0.0	0.0	0.0	0.0	0.0	0.0	0.0	0.0	0.0
missing_fields	missing_house_number	missing_house = true	77037	3.4908585698613526	0.382050591354094	0.4182609983313153	0.4163542559990168	0.02157173988912315	7.670365542517077	3.4624271453976663	0.8974388929994678	0.7127614003660578	0.1846774926334099	2.749665745031608
missing_fields	all_fields_present	missing_name = false AND missing_addr = false AND missing_house = false	2129784	96.50914143013864	0.730944559845938	0.797770739463214	0.7934615385461066	0.25966309526369036	92.3296344574503	3.4612101508885407	2.4258117255083143	2.082655799836979	0.3431559256713357	1.378554351051562
threshold_neighborhood	has_candidate_in_0.40_0.45	has_band_40_45 = true	73113	3.313046232567118	0.5430927780484253	0.7667354561198629	0.7518003110390202	0.01513754750319378	5.382529335302154	3.5105931913613175	3.502509813576245	1.9058307004226334	1.5966791131536116	1.604762490938684
threshold_neighborhood	has_candidate_in_0.45_0.50	has_band_45_50 = true	74899	3.393977128185748	0.5748019456139088	0.7889146148736248	0.7745855764092932	0.014431124715354718	5.131343244697487	3.5357080868903457	3.4860011482129267	2.003190963831293	1.482810184381634	1.5325171230590529
threshold_neighborhood	has_candidate_in_0.50_0.55	has_band_50_55 = true	57014	2.583535320716995	0.451144115917182	0.7731665754455642	0.7567846018711197	0.014179885625113095	5.042008973534021	3.5392710562318026	4.531483495281861	2.028396534184586	2.5030869610972744	1.5108745220472164
threshold_neighborhood	has_candidate_in_0.55_0.60	has_band_55_60 = true	80900	3.6659067500263953	0.48486794769253855	0.7817829039545131	0.7678793180047342	0.01888426067708874	6.714765852822432	3.5582941903584673	4.218825710754017	2.092027194066749	2.126798516687268	1.466266996291718
