threshold	global_macro_f05	fold_mean	fold_std	fold0_macro_f05	fold1_macro_f05	fold2_macro_f05	fold3_macro_f05	fold4_macro_f05	predicted_matches	tp	fp	fn	micro_precision	micro_recall	micro_f05
0.5	0.7187651674749153	0.7187651758967766	0.0006538793881214887	0.7180624187438	0.7181440953090893	0.7191687100853926	0.7195748309982788	0.7188758243473222	5235591	4490516	745075	3147849	0.8576903734459014	0.5878896858162709	0.7855845804352998
0.505	0.7191398797231405	0.7191400280808938	0.0007297384824247661	0.7185115699030287	0.7183749315976382	0.719579838240924	0.7201176464933638	0.7191161541695146	5227314	4489777	737537	3148588	0.8589070792380178	0.5877929373629043	0.7863662264536858
0.51	0.7194904072550213	0.7194905408557624	0.0006763006243865857	0.7189003590274788	0.7188542293410509	0.7198201168789119	0.7204707290097128	0.7194072700216574	5219483	4489067	730416	3149298	0.8600597032311438	0.5876999855335533	0.787105527761897
0.515	0.7197380594772909	0.7197381856420134	0.0006460617071145982	0.7191761998516912	0.7191431759904857	0.7200545688931753	0.720681131964704	0.7196358515100106	5213171	4488423	724748	3149942	0.860977512535077	0.58761567429679	0.787690021522198
0.52	0.7199632359818412	0.7199633599799243	0.0006477946323418409	0.7193968161583015	0.719391857734868	0.7202499412345793	0.7209305440671893	0.7198476407046841	5207036	4487777	719259	3150588	0.8618678649427428	0.5875311012238875	0.7882555953734965
0.525	0.7202221185744286	0.7202221521306438	0.0006172000020601159	0.7196056933472694	0.7198056990836124	0.7204846760178026	0.7211571739004513	0.7200575183040835	5200518	4487152	713366	3151213	0.8628278952212068	0.5874492774304448	0.7888683285703381
0.53	0.7204588175764913	0.7204588576738069	0.0006170178333221853	0.7198457523245045	0.7200258457214423	0.7207225294520394	0.7213903642503424	0.7203097966207063	5194413	4486535	707878	3151830	0.8637231964420233	0.5873685009815582	0.7894376963527296
0.535	0.7206641415108431	0.7206641670216146	0.0006252029544882597	0.7200230769469361	0.7202368485714998	0.7209169118446153	0.7216074350558134	0.7205365626892085	5188799	4485966	702833	3152399	0.8645480389585336	0.587294008600008	0.7899618508576647
0.54	0.7208869865493717	0.7208870087952066	0.0006228050888123754	0.7202436670064161	0.7204498605369836	0.7211556618839119	0.7218148675737353	0.7207709869749866	5183012	4485335	697677	3153030	0.865391590835599	0.5872113992981483	0.7904951894778551
0.545	0.7211006317178197	0.7211006531233237	0.0006297006034541556	0.7204448522573398	0.7206503968873186	0.7213666784911351	0.7220352998253532	0.7210060381554722	5177301	4484688	692613	3153677	0.866221222215977	0.5871266953071763	0.7910180940030519
0.55	0.7213102526696756	0.7213102887765345	0.0006256787627890278	0.7206733492087136	0.720843995379034	0.7215788321088391	0.7222386645109697	0.7212166026751161	5171635	4484042	687593	3154323	0.8670453347925753	0.587042122234274	0.7915369883853096
0.555	0.7216937542833766	0.7216938788836604	0.0007080949684562702	0.7210935406782437	0.721175950031576	0.7219863835471436	0.7227961209937117	0.7214173991676266	5163353	4483141	680212	3155224	0.86826157343881	0.586924165053647	0.7923045979048966
0.56	0.7221213074118918	0.7221214427447544	0.0008325053858089751	0.7213814358431838	0.7215428114248215	0.722329745749404	0.7234608374128347	0.7218923832935277	5154642	4482200	672442	3156165	0.8695463234886147	0.5868009711502397	0.7931150914361443
0.565	0.7224461253289253	0.7224462738322999	0.000833390246734805	0.7217167365164213	0.7218263611754515	0.7226970863680109	0.7237686487515315	0.7222225363500843	5147316	4481433	665883	3156932	0.8706349095334345	0.5867005569909267	0.7938025896542711
0.57	0.7227890257887487	0.7227892904239259	0.0007734897294456835	0.7222917681011811	0.7222149528125553	0.7229479552268194	0.7240746268203052	0.7224171491587684	5139825	4480563	659262	3157802	0.8717345434912668	0.5865866582704545	0.7944918488818135
0.575	0.7230943046031777	0.7230945095122863	0.0006913084857636704	0.7226324135389006	0.7226804258849296	0.7231586759091596	0.7242727957600664	0.7227282364683753	5132746	4479708	653038	3158657	0.8727702481283898	0.5864747233210249	0.7951387161982337
0.58	0.7234893714478937	0.7234895369965992	0.0006492778687930972	0.7229843243100651	0.7230025738595512	0.723639161445433	0.7245497728403624	0.7232718525275841	5124425	4478704	645721	3159661	0.8739915209999171	0.5863432815792385	0.7959009193360904
0.585	0.7238899380768099	0.7238899294236891	0.0006109709936833617	0.7232138874772736	0.7234730903349817	0.7241056377109771	0.7247927940554031	0.7238642375398098	5115698	4477695	638003	3160670	0.8752852494420116	0.5862111852471046	0.7967100785209661
0.59	0.7242863299029969	0.7242863404205442	0.0008191065008875383	0.7234240438689015	0.7237827873018176	0.7245598896065526	0.7255449622135943	0.7241200191118551	5106881	4476584	630297	3161781	0.8765788746595036	0.5860657352718809	0.79751330877137
0.595	0.7247048123684919	0.7247048414627111	0.0009362609059217253	0.7237426636489738	0.7241746257679846	0.7249215298253202	0.7261908560047152	0.7244945320665612	5097201	4475377	621824	3162988	0.8780067727366451	0.5859077171619843	0.7983997598901266
0.6	0.7255474983441684	0.7255474810271542	0.0008352145250513482	0.724610628066864	0.7250162462357566	0.7257182955826831	0.7268124750108123	0.7255797602396551	5081019	4473385	607634	3164980	0.8804109962981835	0.5856469283675236	0.7998917190384058
0.605	0.7261096117825383	0.7261096450283386	0.0006966444384276364	0.7253677610174886	0.7255250875968918	0.7263538512125102	0.727100151898929	0.7262013734158732	5069540	4471894	597646	3166471	0.8821104084394245	0.5854517295258868	0.800940303279151
0.61	0.7266090108666236	0.726609032050886	0.0006383195735873244	0.725967922590859	0.7260498633129789	0.7270928572310391	0.7274229872217104	0.7265115298978425	5058852	4470494	588358	3167871	0.8836973289592184	0.585268444228575	0.8019176305984841
0.615	0.7270092934049336	0.7270092245167602	0.0005762855737291341	0.7263326750675442	0.7266025046577083	0.7274044912168204	0.727748428610799	0.7269580230309292	5049893	4469300	580593	3169065	0.8850286530823525	0.5851121280535821	0.8027354900616378
0.62	0.7273362257193325	0.7273361205864114	0.000628640722983698	0.7265643856170901	0.7268959139333048	0.7277701519543308	0.7281126608421784	0.7273374905851527	5041773	4468169	573604	3170196	0.8862297053040666	0.5849640597169682	0.8034698009099437
0.625	0.7276973598270405	0.7276972515678491	0.0006064347116398177	0.7269581487158819	0.727258511963289	0.7281769045646865	0.7284058497840088	0.7276868428113795	5032815	4466892	565923	3171473	0.8875533871203293	0.5847968773422061	0.8042766151865574
0.63	0.7280041764549464	0.7280040579739383	0.0006535553308616422	0.7271971633629738	0.7275822474610414	0.7284471276972043	0.7288296648775368	0.7279640864709354	5025312	4465843	559469	3172522	0.8886697980145313	0.5846595442872918	0.8049576971387451
0.635	0.728351605729703	0.7283515622595329	0.0007651241746017604	0.7275079077998355	0.7278088846956758	0.7288569591594191	0.729380229979514	0.7282038296632201	5017104	4464663	552441	3173702	0.8898884695234541	0.584505060965272	0.8056986121917231
0.64	0.7288756650605086	0.7288753735266522	0.0008657309391650707	0.727804835964919	0.7285250211537879	0.7297362095055335	0.729800107407166	0.7285106936018546	5005921	4462991	542930	3175374	0.8915424354479425	0.584286165953054	0.8066992795797593
0.645	0.7295590167473449	0.7295586608814777	0.0009237928641148262	0.7282897445888566	0.7290868703687919	0.7303718984572045	0.730517058632723	0.7295277323598124	4991937	4460860	531077	3177505	0.8936130403889312	0.5840071795469318	0.8079478628519705
0.65	0.7302242087471078	0.7302239046570393	0.0008526175596755257	0.7291018557234638	0.729773548120243	0.7310517493106335	0.7310878657632749	0.7301045043675816	4978439	4458796	519643	3179569	0.8956212981619339	0.5837369646514666	0.8091565799961462
0.655	0.7307402383787133	0.7307400711091043	0.0007426501787966847	0.7298582260383008	0.7303610854860716	0.7313795052592421	0.7316351038127126	0.7304664349491945	4967696	4457135	510561	3181230	0.8972237834199194	0.5835195097380133	0.8101186627038152
0.66	0.7312052946999952	0.7312052680455408	0.00061830688427897	0.730568562429508	0.7307704292596718	0.7317141113348027	0.7319952918945023	0.7309779453092197	4957434	4455537	501897	3182828	0.8987587126727254	0.583310302662939	0.8110384114285877
0.665	0.7315110714353684	0.7315111107122075	0.0006270821217468989	0.7309305175158243	0.7309898864259745	0.73203089261973	0.7323142851148087	0.7312899718847001	4950178	4454397	495781	3183968	0.8998458237259347	0.5831610560636995	0.8116885637224606
0.67	0.7318296368604076	0.7318296504606484	0.0006479408635846703	0.7312096718577201	0.7313370517979921	0.7323698974628451	0.7326619999713272	0.7315696312133569	4942403	4453190	489213	3185175	0.9010171772718655	0.5830030379538029	0.812389400355962
0.675	0.7321295328925529	0.7321295678955619	0.0006289411531714329	0.7315539178836608	0.731613119122382	0.7326784759209122	0.7329185352422304	0.7318837913086245	4934783	4451957	482826	3186408	0.902158615687863	0.5828416159740991	0.8130686673073144
0.68	0.7324135291249282	0.7324135190247604	0.000677874045930287	0.7317357408847064	0.7318398567059943	0.7330440978282217	0.733203124664254	0.7322447750406256	4927355	4450686	476669	3187679	0.9032606743374488	0.5826752191077541	0.8137196485931127
0.685	0.7328826550777277	0.7328824968451597	0.0006042066017501144	0.7321048533217861	0.7324293171384685	0.7334047716085651	0.7334881371274092	0.7329854050295698	4916341	4448791	467550	3189574	0.9048987854992158	0.5824271293660358	0.8146856057646924
0.69	0.733288651675656	0.73328833763775	0.0005928877652362584	0.7323930231336164	0.7329703764942893	0.7337345435408054	0.7337428603758472	0.7336008846441918	4907015	4447162	459853	3191203	0.9062866121257017	0.5822138638308068	0.8155014821341632
0.695	0.7338893419872954	0.7338889583515843	0.0007897789557825432	0.7327003981173414	0.7335451927953398	0.7344229001527636	0.7346887113764837	0.7340875893159932	4893868	4444786	449082	3193579	0.9082357758729904	0.5819028024976549	0.816640814009432
0.7	0.734501019566965	0.73450088322936	0.0006942806357179835	0.7336277498084061	0.7341049742333272	0.7348969442087181	0.735422700593854	0.7344520473024948	4880871	4442369	438502	3195996	0.9101590679204593	0.5815863735236533	0.8177589456446799
0.705	0.7349420442374662	0.7349420505967544	0.000638405630980162	0.7343124116573148	0.7344348953079629	0.7354729885051258	0.7357505325693284	0.7347394249440401	4870659	4440511	430148	3197854	0.9116858724866594	0.5813431277505068	0.8186480653866721
0.71	0.735305716088477	0.7353057065353601	0.0005765390322152744	0.7347523561980575	0.7348691454669051	0.7358576978434789	0.7359895458427997	0.7350597873255591	4861933	4438848	423085	3199517	0.9129800842586683	0.5811254110009144	0.8193960170784295
0.715	0.7355856904791414	0.7355857001880303	0.0006012496019028854	0.7350434950356933	0.7351032725293363	0.7361991488291025	0.7362700542263926	0.7353125303196267	4854073	4437317	416756	3201048	0.914143029987394	0.5809249754364972	0.8200652848786809
0.72	0.7358902708651425	0.7358902890327097	0.0006232080351850262	0.7353477919957793	0.7354079672098583	0.7365253786786979	0.7366082847685389	0.735562022510674	4845955	4435721	410234	3202644	0.9153450661427933	0.5807160301975619	0.8207554274386027
0.725	0.7361649068353429	0.7361649312243358	0.0006494830693246757	0.7355951292333649	0.7356739365005375	0.7367883624535743	0.7369480836828914	0.7358191442513107	4838287	4434133	404154	3204232	0.9164675431614536	0.5805081323031827	0.8213939322334396
0.73	0.736441649605298	0.7364416520497414	0.0006879708124458014	0.7357943684578465	0.735886649111357	0.7371149662003482	0.7372413733330283	0.7361709031461272	4830548	4432469	398079	3205896	0.9175913374631616	0.5802902846355208	0.8220284543824521
0.735	0.7367671544643662	0.7367671876834894	0.0006722458396507838	0.736194257748499	0.7361729908017348	0.7374971592758746	0.7374847284006352	0.7364868021907035	4821825	4430585	391240	3207780	0.9188605973879185	0.5800436349925672	0.8227438393814971
0.74	0.7370759267886728	0.7370759680131946	0.000669181698806285	0.7365025671234214	0.7364938438777549	0.737764729638122	0.7378290769892809	0.7367896224373941	4813448	4428681	384767	3209684	0.9200641619063923	0.5797943669882233	0.8234149830376195
0.745	0.7374005622252083	0.7374005062960063	0.0006340552387591466	0.7367639684444481	0.7370063455444028	0.7380087194739693	0.738154146838395	0.7370693511788164	4804477	4426604	377873	3211761	0.921349816015354	0.5795224501578544	0.8241285006300018
0.75	0.7377576005878517	0.737757496781293	0.0005817417659449931	0.7371542477697495	0.7374787095386104	0.7383511925552423	0.7384105960165183	0.7373927380263449	4794859	4424330	370529	3214035	0.9227236921878204	0.5792247424677925	0.8248867981382964
0.755	0.7383472271730124	0.7383470773335912	0.0007133374516533459	0.737540876216756	0.7377927562380941	0.7391701650821777	0.7389737595209707	0.7382578296099569	4779699	4420550	359149	3217815	0.9248594942903309	0.578729872165051	0.826049893708828
0.76	0.7387485072782929	0.7387485774298028	0.00062417659233795	0.7382500473052637	0.7381372397998923	0.7394183052856788	0.739410644395357	0.7385266503628223	4768782	4417833	350949	3220532	0.9264069944904171	0.5783741677701969	0.8268916760529967
0.765	0.739006898395455	0.7390069436733888	0.0006386478661303542	0.7384408158296606	0.7383433401567242	0.7396689759149971	0.7396590229105734	0.7389225635549885	4760646	4415721	344925	3222644	0.9275465976676275	0.5780976688073953	0.8275044864408684
0.77	0.739382078084446	0.7393820749890951	0.0007016626835680952	0.7386784766577474	0.7387384586662629	0.7400367154918999	0.7401708808992223	0.7392858432303432	4749730	4412873	336857	3225492	0.9290787055264194	0.5777248141454355	0.8283263478241119
0.775	0.7397080736820936	0.7397081362849258	0.0006454567746120728	0.7391359307689747	0.7390982456723999	0.7402903062968954	0.7404814884454874	0.7395347102408716	4740613	4410500	330113	3227865	0.9303649127233123	0.5774141455664923	0.8290158907525284
0.78	0.7399342932819511	0.7399343658125799	0.0006130163167224375	0.7393955002321082	0.7393425369260734	0.7404608823652705	0.7406852215895964	0.7397876879498502	4732837	4408444	324393	3229921	0.9314590804627331	0.5771449780155832	0.8295994766672866
0.785	0.740274836146354	0.7402750538415191	0.0005906471034630169	0.7399029088943048	0.7395782091278301	0.7406876798866402	0.7410423852454535	0.7401640860533671	4722792	4405794	316998	3232571	0.9328791104922681	0.5767980451313861	0.8303564936480412
0.79	0.7406847865761113	0.7406849792419877	0.0005761700078001702	0.7403339275236397	0.7399950828038143	0.741202442730973	0.7413491557605543	0.7405442873909575	4711451	4402738	308713	3235627	0.934476024477385	0.5763979595109686	0.8312018398613903
0.795	0.74102455959704	0.7410246804073036	0.0005776295964256748	0.740587813033904	0.7404038104252703	0.7415546031190344	0.7416997926273959	0.7408773828309141	4701341	4399981	301360	3238384	0.9358991402665751	0.5760370183933342	0.8319516888106062
0.8	0.7414346596384034	0.7414346740910961	0.0005588951923057448	0.7408691491907156	0.7409730764391858	0.7418371766386439	0.7421709423241846	0.7413230258627508	4688936	4396467	292469	3241898	0.9376257214856419	0.5755769722970819	0.8328500499865329
0.805	0.7419257338995092	0.741925747945358	0.0006158722386125927	0.7412823902757864	0.7414532493834775	0.7422637287526099	0.7427959622730032	0.7418334090419135	4674668	4392270	282398	3246095	0.9395897205962006	0.5750275091593554	0.8338580380169568
0.81	0.742343801587869	0.7423438722955813	0.0005910737575057878	0.7418023181724277	0.7418020171868617	0.7427594194240259	0.7431332622420058	0.7422223444525857	4661571	4388398	273173	3249967	0.9413989404001355	0.5745205943942192	0.8347834509793151
0.815	0.7426195932469686	0.7426197227751042	0.0006045961853956235	0.7421412923607897	0.74198312689604	0.7430989120939027	0.7433827420839083	0.7424925404408803	4652024	4385570	266454	3252795	0.9427229954101699	0.5741503580936497	0.8354593024941536
0.82	0.7428698395191433	0.7428699423976848	0.0005358117302646313	0.7424313248893014	0.7423209371627272	0.7432899088547245	0.743551951479454	0.7427555896022169	4643243	4382923	260320	3255442	0.9439357362946544	0.5738038179636611	0.8360739095453239
0.825	0.7431150976080925	0.7431151736983954	0.000538418668472208	0.7426401705644043	0.7425975542115205	0.7435217870553755	0.7438137537789228	0.743002602881754	4634072	4380040	254032	3258325	0.9451816890199375	0.5734263811692686	0.8366949506455731
0.83	0.7433246715179845	0.7433247443021641	0.0005408012267118423	0.7428424582112609	0.7427893948445892	0.7437443665252546	0.744008310565743	0.7432391913639732	4624794	4376976	247818	3261389	0.9464153430401441	0.573025248204295	0.8372968214569229
0.835	0.7435404515684313	0.743540553171188	0.0005313877874143963	0.743103466541999	0.7429469302534979	0.7439803672618345	0.7441661856038263	0.7435058161947818	4614779	4373553	241226	3264812	0.9477275076444615	0.572577115652368	0.837926273420795
0.84	0.7437091709517524	0.7437093170359591	0.0005398015371362231	0.7433148455095764	0.7430821256174002	0.7441431338830422	0.7443607225062331	0.7436457576635437	4604517	4369985	234532	3268380	0.9490647987617377	0.5721099999803623	0.838561632745357
0.845	0.74391608115247	0.7439162411309146	0.000540028971963033	0.743535235238929	0.7432759611281631	0.7443399765127331	0.744570906966792	0.743859125807956	4594196	4366396	227800	3271969	0.9504156984160014	0.5716401350288969	0.8392025738541801
0.85	0.7441117039303242	0.744111878664984	0.0005578577051224815	0.7437230800096059	0.7434573556230053	0.744521045003682	0.7448141591918962	0.7440437534967304	4584280	4362965	221315	3275400	0.951723062291134	0.5711909551324138	0.8398235875095307
0.855	0.7442611270319669	0.744261260818146	0.0005669958802509324	0.7438189375964495	0.7436310238176371	0.7446997650877627	0.7449654511206325	0.7441911264682483	4575786	4359973	215813	3278392	0.9528358625162977	0.5707992482684449	0.8403468356447575
0.86	0.74436438922631	0.7443645000139044	0.0005451763766012675	0.7439236526469085	0.7437885255593818	0.7447949575200176	0.7450485599871755	0.7442668043560389	4567882	4357102	210780	3281263	0.9538560759669361	0.5704233824908864	0.8408182156522221
0.865	0.744484939776644	0.7444849843684453	0.0005468179413191364	0.7439648024322553	0.7439503067464556	0.7449221965216885	0.7451527449819739	0.7444348711598536	4559693	4354029	205664	3284336	0.9548952089537607	0.5700210712632874	0.8412887793576237
0.87	0.7445832788312312	0.7445832972855418	0.0005329473203666343	0.7440582377936528	0.7440787750935494	0.7450417204013285	0.7452099326242684	0.7445278205149105	4551372	4350770	200602	3287595	0.9559249386778317	0.5695944092747597	0.8417417480280516
0.875	0.7446828054159249	0.7446828001091301	0.000526805596767773	0.7441339971913682	0.7442007420745115	0.7451247751949596	0.7452995757101988	0.7446549103746127	4542356	4347110	195246	3291255	0.9570165790616147	0.5691152491403593	0.8422089160756855
0.88	0.7447646923145416	0.7447646773593168	0.0005329814269388012	0.7441964827412407	0.7442946164423647	0.7451976276830828	0.7454003699279784	0.7447342900019176	4533371	4343430	189941	3294935	0.9581015981264274	0.5686334706445686	0.8426694568946139
0.885	0.744822213897162	0.7448222125766872	0.0005602498745991366	0.7442337934625294	0.7443236544305902	0.7452508039425683	0.745512165733116	0.7447906453146319	4524349	4339554	184795	3298811	0.9591554497674694	0.5681260322071543	0.8430980533274302
0.89	0.7448480028337808	0.7448480008174572	0.0005543413710932792	0.7442803018744922	0.7443773508516308	0.7453050492518644	0.7455307833986945	0.7447465187106044	4515693	4335785	179908	3302580	0.9601593819597568	0.5676326020031773	0.8435006202254787
0.895	0.744873746332608	0.7448737359148563	0.0005609042597602202	0.7442768678312565	0.7444012207710835	0.7452958303686293	0.7455790065442246	0.7448157540590878	4506629	4331778	174851	3306587	0.9612013769049993	0.5671080132986575	0.8439115692763196
0.9	0.744885726551901	0.7448857077230306	0.0005537655051057309	0.7442911493265492	0.7444519168906726	0.7452930464537821	0.7456000687040988	0.7447923572400506	4497417	4327648	169769	3310717	0.9622518881393476	0.5665673216715881	0.8443191875084599
0.905	0.7448631819379472	0.7448631627807563	0.0005336916590305364	0.7442988765172275	0.7444333921755872	0.7452981562457619	0.7455239359599687	0.7447614530052362	4487952	4323261	164691	3315104	0.9633037519117852	0.565992984100655	0.8447111709639479
0.91	0.7447993538734934	0.7447993146860385	0.0005474890867120072	0.7441949164395029	0.7443824184130428	0.7452233921214213	0.7454863184285347	0.7447095280276911	4477650	4318238	159412	3320127	0.9643982892812077	0.5653353826375147	0.8450905936894116
0.915	0.7447587633765711	0.7447586973914723	0.0005234247219470589	0.7441534514365961	0.7443665059437379	0.7451846503470242	0.7453843100341712	0.7447045691958317	4466852	4312915	153937	3325450	0.9655379224563518	0.5646385057535218	0.8454781982102639
0.92	0.7446652979475491	0.7446651798704165	0.0005197683386346892	0.7440254699090406	0.7443380082583168	0.7451145406781603	0.7452619693925018	0.7445859111140629	4455208	4306981	148227	3331384	0.9667294994981155	0.5638616379290594	0.8458595532294284
0.925	0.7445109394710161	0.7445108375609782	0.0005076490946245117	0.7439068705964818	0.7441818645369186	0.7449705396115553	0.7450898948602217	0.744405018199714	4442634	4300320	142314	3338045	0.967966301072742	0.5629895926680645	0.8462231404656188
0.93	0.7443034918617422	0.7443033545251995	0.000512545106328493	0.7436669492016721	0.7440367810971256	0.7447522577107781	0.7448979045092763	0.7441628801071453	4429199	4292988	136211	3345377	0.9692470354120463	0.5620297013824294	0.8465708421255932
0.935	0.744024177037199	0.7440240415244654	0.0005192691917145646	0.7433776164873955	0.7437298308416908	0.7444849338592062	0.7446150813515682	0.7439127450824667	4414508	4284687	129821	3353678	0.970592192833267	0.5609429504874407	0.8468966944185767
0.94	0.7436724191917975	0.7436722809147966	0.0005104437573265818	0.7430449486332248	0.7433887921361229	0.7441590474817423	0.7442317609216159	0.7435368554012771	4398251	4275220	123031	3363145	0.9720272899386597	0.5597035491234054	0.8472033364499564
0.945	0.7431925762583662	0.7431924223479577	0.00046019178622170627	0.7425948844178937	0.7429359062110814	0.7436396948748802	0.7436617694020541	0.743129856833879	4380667	4264507	116160	3373858	0.9734834900712609	0.5583010238447625	0.8474427500651505
0.95	0.7426060351692808	0.7426058930502413	0.00048780647181458694	0.7420006104135991	0.7422832605513524	0.7431225747315733	0.7430663090900034	0.7425567104646776	4360811	4252033	108778	3386332	0.975055557326378	0.5566679518457157	0.8476395991979621
0.955	0.7417920062646262	0.7417918209297479	0.0004909848017196504	0.7411463704876307	0.741541689715012	0.742293585911364	0.7422678157419945	0.7417096427927389	4338654	4237543	101111	3400822	0.9766953068854995	0.55477094901854	0.8477466133391611
0.96	0.740764942647757	0.740764717705384	0.0005169086511559087	0.7400836573723347	0.7405292140631471	0.74134819874766	0.7412083429362749	0.7406541754075033	4314075	4220773	93302	3417592	0.9783726523066938	0.5525754529928852	0.847726410457823
0.965	0.7393008451331613	0.7393006673048996	0.00044958050382460925	0.7387244822755272	0.7390562465693625	0.7398241634884415	0.7396712294465768	0.7392272147445895	4284857	4199819	85038	3438546	0.9801538301044819	0.5498321957644077	0.8474965869639802
0.97	0.737282006042324	0.7372819051266712	0.00045408427549370115	0.7368236755364751	0.7370028822019545	0.737876190542886	0.7376479621096266	0.7370588152424141	4248829	4172844	75985	3465521	0.9821162489711871	0.5463006808394205	0.8469793856630684
0.975	0.7344646136678272	0.7344645588039155	0.0004967806030804962	0.7339801052460694	0.7340828421615966	0.7350638235256359	0.7349236060392096	0.7342724170470658	4204578	4138099	66479	3500266	0.984188900764833	0.5417519325143535	0.8460059802891455
0.98	0.7305254784089171	0.7305253875823603	0.0004480829565597863	0.7300301793639562	0.7302561859592388	0.7310066662984054	0.7309938337278408	0.73034007256236	4149577	4093003	56574	3545362	0.9863663211937024	0.5358480512518059	0.8443821889250228
0.985	0.7245835288636223	0.7245834222812362	0.0004567908301028029	0.7240770957703281	0.7243401556884379	0.725082764920456	0.7250538231716233	0.724363271855336	4074916	4028840	46076	3609525	0.9886927730534814	0.5274479551579428	0.8415145624562489
0.99	0.7140957671620222	0.7140955755097116	0.0005545418716611291	0.7133963744887427	0.7138096528277043	0.7146867672151211	0.7146333743560852	0.7139517086609045	3955935	3921726	34209	3716639	0.9913524868330749	0.5134247970606275	0.8357574906428898
0.995	0.6869884254280134	0.6869886387698447	0.0006354944118908315	0.6868404960651386	0.6865294373410551	0.6876869954378756	0.687610499231038	0.6862757657741161	3690846	3670533	20313	3967832	0.9944963837559194	0.4805390944266214	0.8192514343411312
