threshold	macro_f0_5	tp	fp	fn	correct_no_match_count	non_empty_predicted_s1	candidate_rows	s1_entities
0.10	0.693809044	4993330	2785199	2645035	77618	2026510	67332524	2206821
0.20	0.716444570	4976890	1847455	2661475	82898	2006304	67332524	2206821
0.30	0.729082912	4962757	1433372	2675608	86351	1992127	67332524	2206821
0.40	0.737607876	4948740	1182127	2689625	88937	1981199	67332524	2206821
0.50	0.747084844	4929590	953967	2708775	92171	1969579	67332524	2206821
0.60	0.755926357	4905143	754421	2733222	95699	1955024	67332524	2206821
0.70	0.767932723	4863128	521394	2775237	101783	1928825	67332524	2206821
0.80	0.776655296	4803889	338399	2834476	107426	1904703	67332524	2206821
0.90	0.780807447	4723882	198361	2914483	112551	1877607	67332524	2206821
