threshold	macro_f0_5	tp	fp	fn	correct_no_match_count	non_empty_predicted_s1	empty_predicted_s1	candidate_rows	s1_entities
0.90	0.780807447	4723882	198361	2914483	112551	1877607	329214	67332524	2206821
0.91	0.780798266	4712024	185501	2926341	113069	1874326	332495	67332524	2206821
0.92	0.780708592	4698250	171917	2940115	113645	1870683	336138	67332524	2206821
0.93	0.780377953	4681122	157634	2957243	114280	1866371	340450	67332524	2206821
0.94	0.779773864	4659720	142006	2978645	114960	1861247	345574	67332524	2206821
0.95	0.778737556	4632231	125482	3006134	115793	1854933	351888	67332524	2206821
0.96	0.776818126	4594578	107664	3043787	116655	1846592	360229	67332524	2206821
0.97	0.773234640	4538534	87869	3099831	117646	1834655	372166	67332524	2206821
0.98	0.766295206	4446531	65899	3191834	118864	1816042	390779	67332524	2206821
0.99	0.748055867	4242177	40368	3396188	120489	1776371	430450	67332524	2206821
