channel_key	description	added_candidates_train	candidates_per_s1_added	recovered_true_pairs_total	recovered_pairs_heldout_f4	zero_capture_rescued_total	partial_capture_improved_total	recovered_india	recovered_us	recovered_s2	recovered_s3	heldout_f4_oracle_gain	global_oracle_gain	gain_per_million_cands	elapsed_sec
suffix_stripped_name_cap5	Suffix-Stripped Name Match (length>=6, cluster<=5)	2439793	1.1055690515905006	118837	23827	13994	92290	79095	39742	57726	61111	0.010038186212342093	0.010051278177619194	0.004119725803631371	1.1518526077270508
sibling_exact_name_cap5	Sibling Clean Name Expansion (cluster<=5, S1->S2->S3)	1272840	0.5767753705443259	28537	5691	0	27265	13174	15363	13439	15098	0.0011042085811466817	0.0011119100627617895	0.0008735662477308928	0.989729642868042
sibling_exact_addr	Sibling Exact Clean Address Expansion (length>=12, S1->S2->S3)	125800	0.05700507653316694	8352	1676	0	8171	4884	3468	2269	6083	0.000317349196869543	0.000317900222547296	0.002527028796083434	1.101304054260254
pin_house_number	PIN + House Number Co-occurrence	6522077	2.9554173174897285	3875	801	141	3256	134	3741	1389	2486	0.00020696893298344232	0.00019731902908981525	3.0254017100659073e-05	1.7725105285644531
raw_exact_name	Raw Business Name Exact Match	8038490	3.64256548220268	0	0	0	0	0	0	0	0	2.9503963649979426e-07	-3.0827999697446984e-07	-3.835048584677842e-08	1.60723876953125
raw_exact_addr	Raw Business Address Exact Match	204979	0.09288428921058844	0	0	0	0	0	0	0	0	2.9503963649979426e-07	-3.0827999675242523e-07	-1.5039589262920847e-06	0.46465206146240234
norm_exact_name	Normalized Business Name Exact Match	16884294	7.650957644503111	0	0	0	0	0	0	0	0	2.9503963649979426e-07	-3.0827999730753675e-07	-1.825838837605746e-08	1.8188414573669434
norm_exact_addr	Normalized Business Address Exact Match	690252	0.31278114536702345	0	0	0	0	0	0	0	0	2.9503963649979426e-07	-3.0827999697446984e-07	-4.466194911053787e-07	0.5543696880340576
first_token_plus_pin	First Name Token + Postal PIN Match	268391	0.12161883541981883	0	0	0	0	0	0	0	0	2.950396373879727e-07	-3.0827999664140293e-07	-1.148622705833664e-06	0.49420857429504395
pin_anchored_ngram_top3	PIN-Anchored Character N-Gram (JW>=0.85, top-3)	281489	0.12755406985886034	677	140	40	619	28	649	277	400	4.919822608251412e-05	4.469469933954251e-05	0.0001587795591996224	0.8302948474884033
