error_type	source1_entity_id	candidate_entity_id	model_score	label	name_exact_match	name_jaro_winkler	name_jaccard	prefix4_match	first_token_match	name_len_diff	name_len_ratio	address_exact_match	address_jaro_winkler	address_jaccard	address_len_diff	address_len_ratio	address_first_number_match	country_match	s1_name_len	tgt_name_len	s1_addr_len	tgt_addr_len	source_is_s3
high_conf_fp	S1-130148024	S3-642177550	1.0000	0	0.0000	0.0061	0.5714	1.0000	0.0000	30.0000	0.4000	0.0000	0.0054	0.4074	59.0000	0.2625	1.0000	1.0000	50.0000	20.0000	80.0000	21.0000	1.0000
high_conf_fp	S1-729401009	S3-52719714	1.0000	0	0.0000	0.0061	0.6316	1.0000	0.0000	33.0000	0.3654	0.0000	0.0041	0.2424	60.0000	0.2593	1.0000	1.0000	52.0000	19.0000	81.0000	21.0000	1.0000
high_conf_fp	S1-539808615	S2-752244146	1.0000	0	0.0000	0.0084	0.5000	1.0000	0.0000	14.0000	0.5333	0.0000	0.0063	0.6286	15.0000	0.8276	1.0000	1.0000	30.0000	16.0000	72.0000	87.0000	0.0000
high_conf_fp	S1-959467945	S2-105409563	1.0000	0	0.0000	0.0084	0.6923	1.0000	1.0000	8.0000	0.6190	0.0000	0.0063	0.6286	18.0000	0.8333	1.0000	1.0000	21.0000	13.0000	108.0000	90.0000	0.0000
high_conf_fp	S1-371363802	S2-909825906	1.0000	0	0.0000	0.0066	0.5556	1.0000	1.0000	10.0000	0.6552	0.0000	0.0063	0.6286	17.0000	0.8111	1.0000	1.0000	29.0000	19.0000	90.0000	73.0000	0.0000
high_conf_fp	S1-21764785	S3-846576453	1.0000	0	0.0000	0.0065	0.6111	1.0000	1.0000	12.0000	0.6000	0.0000	0.0063	0.6286	39.0000	0.6176	1.0000	1.0000	30.0000	18.0000	102.0000	63.0000	1.0000
high_conf_fp	S1-326427817	S2-699901385	1.0000	0	0.0000	0.0084	0.5882	1.0000	1.0000	6.0000	0.7500	0.0000	0.0063	0.6286	17.0000	0.8172	1.0000	1.0000	24.0000	18.0000	76.0000	93.0000	0.0000
high_conf_fp	S1-22125833	S2-952892809	1.0000	0	0.0000	0.0069	0.5789	1.0000	1.0000	16.0000	0.5000	0.0000	0.0063	0.6286	30.0000	0.7000	1.0000	1.0000	32.0000	16.0000	100.0000	70.0000	0.0000
high_conf_fp	S1-823040446	S3-367601367	1.0000	0	0.0000	0.0068	0.5882	1.0000	1.0000	13.0000	0.5938	0.0000	0.0063	0.6286	37.0000	0.6891	1.0000	1.0000	32.0000	19.0000	119.0000	82.0000	1.0000
high_conf_fp	S1-97716567	S3-90996813	1.0000	0	0.0000	0.0084	0.5833	1.0000	1.0000	1.0000	0.9286	0.0000	0.0068	0.6207	29.0000	0.7411	1.0000	1.0000	14.0000	13.0000	83.0000	112.0000	1.0000
high_conf_fp	S1-503461671	S2-92104836	1.0000	0	0.0000	0.0053	0.3793	1.0000	1.0000	2.0000	0.9474	0.0000	0.0064	0.6970	19.0000	0.7711	1.0000	1.0000	38.0000	36.0000	64.0000	83.0000	0.0000
high_conf_fp	S1-332884467	S3-559273588	1.0000	0	0.0000	0.0061	0.6250	1.0000	1.0000	19.0000	0.3871	0.0000	0.0063	0.6286	36.0000	0.7000	1.0000	1.0000	31.0000	12.0000	120.0000	84.0000	1.0000
high_conf_fp	S1-55765468	S2-526051103	0.9999	0	0.0000	0.0063	0.6471	1.0000	1.0000	21.0000	0.3824	0.0000	0.0063	0.6286	27.0000	0.7652	1.0000	1.0000	34.0000	13.0000	115.0000	88.0000	0.0000
high_conf_fp	S1-966470303	S2-485001693	0.9999	0	0.0000	0.0098	1.0000	1.0000	1.0000	0.0000	1.0000	0.0000	0.0096	1.0000	0.0000	1.0000	1.0000	1.0000	23.0000	23.0000	30.0000	30.0000	0.0000
high_conf_fp	S1-286132791	S3-346258142	0.9999	0	0.0000	0.0098	1.0000	1.0000	1.0000	0.0000	1.0000	0.0000	0.0097	0.8889	5.0000	0.8333	1.0000	1.0000	25.0000	25.0000	25.0000	30.0000	1.0000
high_conf_fp	S1-888868291	S2-745276272	0.9999	0	0.0000	0.0099	1.0000	1.0000	1.0000	1.0000	0.9565	1.0000	0.0100	1.0000	0.0000	1.0000	1.0000	1.0000	22.0000	23.0000	52.0000	52.0000	0.0000
high_conf_fp	S1-60108227	S2-730595745	0.9999	0	0.0000	0.0098	1.0000	1.0000	1.0000	0.0000	1.0000	1.0000	0.0100	1.0000	0.0000	1.0000	1.0000	1.0000	33.0000	33.0000	36.0000	36.0000	0.0000
high_conf_fp	S1-4121992	S3-390445472	0.9999	0	0.0000	0.0098	1.0000	1.0000	1.0000	0.0000	1.0000	0.0000	0.0091	0.8947	2.0000	0.9310	1.0000	1.0000	21.0000	21.0000	27.0000	29.0000	1.0000
high_conf_fp	S1-937073179	S3-899716012	0.9999	0	0.0000	0.0096	0.8889	1.0000	1.0000	0.0000	1.0000	0.0000	0.0099	1.0000	2.0000	0.9512	1.0000	1.0000	11.0000	11.0000	39.0000	41.0000	1.0000
high_conf_fp	S1-291486085	S3-811396771	0.9999	0	0.0000	0.0084	0.6471	1.0000	1.0000	10.0000	0.7368	0.0000	0.0064	0.6970	19.0000	0.7889	1.0000	1.0000	28.0000	38.0000	71.0000	90.0000	1.0000
high_conf_fp	S1-552498086	S3-943521534	0.9999	0	0.0000	0.0099	1.0000	1.0000	1.0000	1.0000	0.9600	0.0000	0.0081	1.0000	7.0000	0.8654	1.0000	1.0000	24.0000	25.0000	45.0000	52.0000	1.0000
high_conf_fp	S1-947034969	S2-438495896	0.9999	0	0.0000	0.0098	0.9333	1.0000	1.0000	0.0000	1.0000	0.0000	0.0080	1.0000	0.0000	1.0000	1.0000	1.0000	20.0000	20.0000	33.0000	33.0000	0.0000
high_conf_fp	S1-973099979	S2-37816153	0.9999	0	0.0000	0.0084	0.7368	1.0000	1.0000	8.0000	0.8000	0.0000	0.0064	0.6970	13.0000	0.8312	1.0000	1.0000	32.0000	40.0000	64.0000	77.0000	0.0000
high_conf_fp	S1-873289502	S3-614603321	0.9998	0	0.0000	0.0099	1.0000	1.0000	1.0000	1.0000	0.9600	0.0000	0.0076	0.9524	6.0000	0.8500	1.0000	1.0000	24.0000	25.0000	34.0000	40.0000	1.0000
high_conf_fp	S1-781961898	S2-833851622	0.9998	0	0.0000	0.0095	0.8750	1.0000	1.0000	4.0000	0.8462	1.0000	0.0100	1.0000	0.0000	1.0000	1.0000	1.0000	26.0000	22.0000	31.0000	31.0000	0.0000
high_conf_fp	S1-38587957	S3-397060615	0.9998	0	1.0000	0.0100	1.0000	1.0000	1.0000	0.0000	1.0000	0.0000	0.0084	0.8636	4.0000	0.9167	1.0000	1.0000	12.0000	12.0000	48.0000	44.0000	1.0000
high_conf_fp	S1-478013489	S3-115293306	0.9998	0	1.0000	0.0100	1.0000	1.0000	1.0000	0.0000	1.0000	0.0000	0.0085	0.8000	0.0000	1.0000	1.0000	1.0000	15.0000	15.0000	57.0000	57.0000	1.0000
high_conf_fp	S1-684155053	S2-876630626	0.9998	0	0.0000	0.0085	0.7059	1.0000	1.0000	7.0000	0.8205	0.0000	0.0064	0.6970	18.0000	0.7882	1.0000	1.0000	32.0000	39.0000	67.0000	85.0000	0.0000
high_conf_fp	S1-106529262	S3-797995736	0.9998	0	0.0000	0.0097	0.9375	1.0000	1.0000	0.0000	1.0000	0.0000	0.0095	0.9412	7.0000	0.8108	1.0000	1.0000	27.0000	27.0000	30.0000	37.0000	1.0000
high_conf_fp	S1-594696823	S3-368091522	0.9998	0	0.0000	0.0085	0.5714	1.0000	0.0000	2.0000	0.8571	0.0000	0.0066	0.5526	29.0000	0.7478	1.0000	1.0000	14.0000	12.0000	86.0000	115.0000	1.0000
high_conf_fp	S1-454540138	S3-152464477	0.9998	0	0.0000	0.0099	0.9091	1.0000	1.0000	1.0000	0.9500	0.0000	0.0092	0.9333	2.0000	0.9333	1.0000	1.0000	19.0000	20.0000	28.0000	30.0000	1.0000
high_conf_fp	S1-378136390	S2-849289133	0.9998	0	0.0000	0.0066	0.5294	1.0000	0.0000	12.0000	0.5200	0.0000	0.0063	0.6286	27.0000	0.7652	1.0000	1.0000	25.0000	13.0000	88.0000	115.0000	0.0000
high_conf_fp	S1-669627166	S3-261625343	0.9998	0	0.0000	0.0095	1.0000	1.0000	1.0000	0.0000	1.0000	0.0000	0.0092	0.8947	2.0000	0.9333	1.0000	1.0000	17.0000	17.0000	28.0000	30.0000	1.0000
high_conf_fp	S1-116790296	S3-966179899	0.9998	0	0.0000	0.0097	1.0000	1.0000	1.0000	3.0000	0.8421	0.0000	0.0093	0.8235	6.0000	0.7857	1.0000	1.0000	16.0000	19.0000	22.0000	28.0000	1.0000
high_conf_fp	S1-29438058	S2-882120552	0.9998	0	0.0000	0.0091	0.6000	1.0000	1.0000	2.0000	0.8947	0.0000	0.0047	1.0000	0.0000	1.0000	1.0000	1.0000	17.0000	19.0000	29.0000	29.0000	0.0000
high_conf_fp	S1-518852546	S2-507326052	0.9998	0	0.0000	0.0097	1.0000	1.0000	1.0000	0.0000	1.0000	0.0000	0.0095	0.9000	1.0000	0.9677	1.0000	1.0000	26.0000	26.0000	31.0000	30.0000	0.0000
high_conf_fp	S1-687934990	S3-354072969	0.9998	0	0.0000	0.0096	1.0000	1.0000	1.0000	5.0000	0.8214	0.0000	0.0098	1.0000	3.0000	0.9189	1.0000	1.0000	23.0000	28.0000	34.0000	37.0000	1.0000
high_conf_fp	S1-752072399	S2-167849044	0.9997	0	0.0000	0.0064	0.3889	1.0000	1.0000	19.0000	0.4242	0.0000	0.0063	0.6286	39.0000	0.7153	1.0000	1.0000	33.0000	14.0000	137.0000	98.0000	0.0000
high_conf_fp	S1-144884846	S3-279164284	0.9997	0	0.0000	0.0097	0.8750	1.0000	1.0000	0.0000	1.0000	0.0000	0.0072	0.9091	6.0000	0.8605	1.0000	1.0000	25.0000	25.0000	37.0000	43.0000	1.0000
high_conf_fp	S1-941006003	S2-915988791	0.9997	0	0.0000	0.0082	0.6667	1.0000	0.0000	1.0000	0.9730	0.0000	0.0064	0.6970	14.0000	0.8391	1.0000	1.0000	37.0000	36.0000	73.0000	87.0000	0.0000
high_conf_fp	S1-899174276	S2-547342493	0.9997	0	0.0000	0.0091	0.5714	1.0000	1.0000	3.0000	0.5714	0.0000	0.0092	0.9524	4.0000	0.8889	1.0000	1.0000	4.0000	7.0000	32.0000	36.0000	0.0000
high_conf_fp	S1-146805460	S3-735138564	0.9997	0	0.0000	0.0097	0.9286	1.0000	1.0000	1.0000	0.9545	0.0000	0.0093	0.9000	4.0000	0.8788	1.0000	1.0000	22.0000	21.0000	29.0000	33.0000	1.0000
high_conf_fp	S1-969050	S2-48938332	0.9997	0	0.0000	0.0098	0.9375	1.0000	1.0000	4.0000	0.8750	0.0000	0.0062	1.0000	1.0000	0.9714	1.0000	1.0000	28.0000	32.0000	34.0000	35.0000	0.0000
high_conf_fp	S1-690883615	S2-84572215	0.9997	0	0.0000	0.0097	0.9286	1.0000	1.0000	5.0000	0.8276	0.0000	0.0077	1.0000	1.0000	0.9706	1.0000	1.0000	24.0000	29.0000	33.0000	34.0000	0.0000
high_conf_fp	S1-682563463	S3-851683435	0.9997	0	0.0000	0.0099	1.0000	1.0000	1.0000	1.0000	0.9412	0.0000	0.0081	0.9444	1.0000	0.9688	1.0000	1.0000	16.0000	17.0000	32.0000	31.0000	1.0000
high_conf_fp	S1-788967226	S2-723600165	0.9997	0	0.0000	0.0088	0.9231	1.0000	1.0000	1.0000	0.9444	1.0000	0.0100	1.0000	0.0000	1.0000	1.0000	1.0000	17.0000	18.0000	35.0000	35.0000	0.0000
high_conf_fp	S1-120660592	S3-734350142	0.9997	0	0.0000	0.0097	0.9000	1.0000	1.0000	0.0000	1.0000	0.0000	0.0062	1.0000	0.0000	1.0000	1.0000	1.0000	15.0000	15.0000	43.0000	43.0000	1.0000
high_conf_fp	S1-436270017	S3-16857553	0.9997	0	0.0000	0.0096	0.8125	1.0000	1.0000	4.0000	0.8571	0.0000	0.0094	1.0000	1.0000	0.9730	1.0000	1.0000	28.0000	24.0000	36.0000	37.0000	1.0000
high_conf_fp	S1-831452533	S2-380289157	0.9997	0	0.0000	0.0099	0.9286	1.0000	1.0000	1.0000	0.9615	0.0000	0.0090	0.8750	13.0000	0.7174	1.0000	1.0000	25.0000	26.0000	46.0000	33.0000	0.0000
high_conf_fp	S1-173326643	S2-677664751	0.9997	0	0.0000	0.0097	1.0000	1.0000	1.0000	0.0000	1.0000	0.0000	0.0090	0.8696	3.0000	0.9231	1.0000	1.0000	27.0000	27.0000	39.0000	36.0000	0.0000
high_conf_fp	S1-862683477	S2-277289929	0.9997	0	0.0000	0.0096	0.9286	1.0000	1.0000	2.0000	0.9130	0.0000	0.0096	0.8125	1.0000	0.9565	1.0000	1.0000	23.0000	21.0000	22.0000	23.0000	0.0000
high_conf_fp	S1-30883884	S2-29307195	0.9997	0	0.0000	0.0093	0.8182	1.0000	1.0000	4.0000	0.7500	0.0000	0.0076	0.9444	3.0000	0.9062	1.0000	1.0000	16.0000	12.0000	32.0000	29.0000	0.0000
high_conf_fp	S1-756025668	S3-411122	0.9997	0	0.0000	0.0098	1.0000	1.0000	1.0000	2.0000	0.8889	0.0000	0.0073	0.9091	1.0000	0.9756	1.0000	1.0000	18.0000	16.0000	41.0000	40.0000	1.0000
high_conf_fp	S1-200172805	S2-421516425	0.9997	0	0.0000	0.0088	0.6667	1.0000	1.0000	18.0000	0.3793	0.0000	0.0093	1.0000	4.0000	0.8788	1.0000	1.0000	29.0000	11.0000	33.0000	29.0000	0.0000
high_conf_fp	S1-120237728	S2-760778935	0.9996	0	0.0000	0.0099	0.9333	1.0000	1.0000	1.0000	0.9545	0.0000	0.0090	0.8947	5.0000	0.8718	1.0000	1.0000	21.0000	22.0000	39.0000	34.0000	0.0000
high_conf_fp	S1-455828857	S3-24677136	0.9996	0	0.0000	0.0099	1.0000	1.0000	1.0000	1.0000	0.9500	0.0000	0.0096	0.8571	8.0000	0.8095	1.0000	1.0000	19.0000	20.0000	34.0000	42.0000	1.0000
high_conf_fp	S1-577851772	S3-658940838	0.9996	0	0.0000	0.0097	0.9231	1.0000	1.0000	4.0000	0.8571	0.0000	0.0081	1.0000	3.0000	0.9688	1.0000	1.0000	24.0000	28.0000	96.0000	93.0000	1.0000
high_conf_fp	S1-826807377	S3-476262099	0.9996	0	0.0000	0.0097	0.8333	1.0000	1.0000	3.0000	0.8421	0.0000	0.0073	0.9000	9.0000	0.8000	1.0000	1.0000	16.0000	19.0000	36.0000	45.0000	1.0000
high_conf_fp	S1-718238312	S3-122824193	0.9996	0	0.0000	0.0097	0.8182	1.0000	1.0000	2.0000	0.8667	0.0000	0.0091	0.6800	16.0000	0.6800	1.0000	1.0000	13.0000	15.0000	34.0000	50.0000	1.0000
high_conf_fp	S1-369467538	S3-615306007	0.9996	0	0.0000	0.0098	1.0000	1.0000	1.0000	0.0000	1.0000	0.0000	0.0097	0.8636	5.0000	0.9107	1.0000	1.0000	41.0000	41.0000	51.0000	56.0000	1.0000
high_conf_fp	S1-1997002	S2-432808182	0.9996	0	1.0000	0.0100	1.0000	1.0000	1.0000	0.0000	1.0000	0.0000	0.0084	0.8000	6.0000	0.8125	1.0000	1.0000	28.0000	28.0000	26.0000	32.0000	0.0000
high_conf_fp	S1-715628718	S3-710908622	0.9996	0	0.0000	0.0097	1.0000	1.0000	1.0000	4.0000	0.8621	0.0000	0.0091	0.8947	3.0000	0.9250	1.0000	1.0000	25.0000	29.0000	37.0000	40.0000	1.0000
high_conf_fp	S1-568629720	S3-6922019	0.9996	0	0.0000	0.0098	1.0000	1.0000	1.0000	0.0000	1.0000	0.0000	0.0095	0.8000	6.0000	0.8333	1.0000	1.0000	37.0000	37.0000	30.0000	36.0000	1.0000
high_conf_fp	S1-919302294	S3-599964266	0.9996	0	0.0000	0.0095	0.8333	1.0000	1.0000	1.0000	0.9630	0.0000	0.0092	0.9444	9.0000	0.7692	1.0000	1.0000	27.0000	26.0000	30.0000	39.0000	1.0000
high_conf_fp	S1-249333904	S2-40812668	0.9996	0	0.0000	0.0097	0.9412	1.0000	1.0000	4.0000	0.8571	0.0000	0.0091	0.9524	4.0000	0.9048	1.0000	1.0000	24.0000	28.0000	42.0000	38.0000	0.0000
high_conf_fp	S1-160982033	S2-969536534	0.9996	0	0.0000	0.0064	0.6500	1.0000	1.0000	3.0000	0.9231	0.0000	0.0064	0.6970	22.0000	0.7471	1.0000	1.0000	36.0000	39.0000	65.0000	87.0000	0.0000
high_conf_fp	S1-720905029	S3-237988454	0.9996	0	0.0000	0.0099	1.0000	1.0000	1.0000	1.0000	0.9444	0.0000	0.0094	0.8000	9.0000	0.7568	1.0000	1.0000	18.0000	17.0000	28.0000	37.0000	1.0000
high_conf_fp	S1-290224369	S2-336581958	0.9996	0	0.0000	0.0096	0.8750	1.0000	1.0000	0.0000	1.0000	0.0000	0.0088	0.9444	2.0000	0.9375	1.0000	1.0000	35.0000	35.0000	32.0000	30.0000	0.0000
high_conf_fp	S1-7473753	S3-820436459	0.9995	0	1.0000	0.0100	1.0000	1.0000	1.0000	0.0000	1.0000	0.0000	0.0084	0.7143	15.0000	0.6667	1.0000	1.0000	15.0000	15.0000	30.0000	45.0000	1.0000
high_conf_fp	S1-639914651	S2-852897015	0.9995	0	0.0000	0.0097	0.9412	1.0000	1.0000	4.0000	0.8571	0.0000	0.0098	0.9474	1.0000	0.9706	1.0000	1.0000	24.0000	28.0000	33.0000	34.0000	0.0000
high_conf_fp	S1-442208221	S3-198720839	0.9995	0	0.0000	0.0096	0.8667	1.0000	1.0000	2.0000	0.9333	0.0000	0.0098	0.9500	5.0000	0.8837	1.0000	1.0000	28.0000	30.0000	38.0000	43.0000	1.0000
high_conf_fp	S1-572095859	S2-117435451	0.9995	0	1.0000	0.0100	1.0000	1.0000	1.0000	0.0000	1.0000	0.0000	0.0070	0.8400	12.0000	0.8000	1.0000	1.0000	42.0000	42.0000	60.0000	48.0000	0.0000
high_conf_fp	S1-646825053	S3-502340494	0.9995	0	0.0000	0.0067	0.2941	1.0000	0.0000	23.0000	0.2069	0.0000	0.0063	0.6286	20.0000	0.8333	1.0000	1.0000	29.0000	6.0000	100.0000	120.0000	1.0000
high_conf_fp	S1-455278794	S2-765176910	0.9995	0	0.0000	0.0098	0.9375	1.0000	1.0000	0.0000	1.0000	0.0000	0.0072	0.9091	1.0000	0.9744	1.0000	1.0000	32.0000	32.0000	38.0000	39.0000	0.0000
high_conf_fp	S1-483900542	S3-141843846	0.9995	0	0.0000	0.0090	0.7500	1.0000	0.0000	9.0000	0.7000	0.0000	0.0099	0.9444	2.0000	0.9394	1.0000	1.0000	30.0000	21.0000	31.0000	33.0000	1.0000
high_conf_fp	S1-219814884	S2-815708918	0.9995	0	0.0000	0.0096	0.8462	1.0000	1.0000	0.0000	1.0000	0.0000	0.0089	0.7500	10.0000	0.7561	1.0000	1.0000	21.0000	21.0000	31.0000	41.0000	0.0000
high_conf_fp	S1-849227981	S3-749400692	0.9995	0	0.0000	0.0099	0.9375	1.0000	1.0000	1.0000	0.9667	0.0000	0.0085	0.8500	3.0000	0.9143	1.0000	1.0000	30.0000	29.0000	32.0000	35.0000	1.0000
high_conf_fp	S1-926261873	S2-460415771	0.9995	0	0.0000	0.0096	0.8667	1.0000	1.0000	1.0000	0.9565	0.0000	0.0062	1.0000	0.0000	1.0000	1.0000	1.0000	22.0000	23.0000	37.0000	37.0000	0.0000
high_conf_fp	S1-667089772	S3-696914523	0.9995	0	1.0000	0.0100	1.0000	1.0000	1.0000	0.0000	1.0000	0.0000	0.0074	0.8182	10.0000	0.7778	1.0000	1.0000	5.0000	5.0000	35.0000	45.0000	1.0000
high_conf_fp	S1-350868006	S2-878881018	0.9995	0	0.0000	0.0097	1.0000	1.0000	1.0000	4.0000	0.8462	0.0000	0.0092	0.8750	1.0000	0.9600	1.0000	1.0000	22.0000	26.0000	25.0000	24.0000	0.0000
high_conf_fp	S1-887688005	S2-217237719	0.9995	0	0.0000	0.0092	0.8000	1.0000	1.0000	7.0000	0.5882	0.0000	0.0071	1.0000	0.0000	1.0000	1.0000	1.0000	10.0000	17.0000	32.0000	32.0000	0.0000
high_conf_fp	S1-280607205	S2-930001957	0.9995	0	0.0000	0.0098	0.9444	1.0000	1.0000	4.0000	0.8889	0.0000	0.0077	0.8421	6.0000	0.8378	1.0000	1.0000	32.0000	36.0000	37.0000	31.0000	0.0000
high_conf_fp	S1-56112017	S3-895770288	0.9994	0	0.0000	0.0097	0.9375	1.0000	1.0000	0.0000	1.0000	0.0000	0.0094	0.7826	6.0000	0.8333	1.0000	1.0000	30.0000	30.0000	30.0000	36.0000	1.0000
high_conf_fp	S1-307403740	S3-965838122	0.9994	0	0.0000	0.0097	1.0000	1.0000	1.0000	1.0000	0.9583	0.0000	0.0095	0.8421	8.0000	0.8095	1.0000	1.0000	23.0000	24.0000	34.0000	42.0000	1.0000
high_conf_fp	S1-689788232	S3-218752091	0.9994	0	0.0000	0.0096	0.8125	1.0000	1.0000	2.0000	0.9130	0.0000	0.0073	0.8636	15.0000	0.7115	1.0000	1.0000	23.0000	21.0000	37.0000	52.0000	1.0000
high_conf_fp	S1-787170363	S3-893624674	0.9994	0	0.0000	0.0097	0.9375	1.0000	1.0000	0.0000	1.0000	0.0000	0.0088	0.8276	28.0000	0.6456	1.0000	1.0000	30.0000	30.0000	79.0000	51.0000	1.0000
high_conf_fp	S1-921942527	S3-870537175	0.9994	0	0.0000	0.0096	1.0000	1.0000	1.0000	1.0000	0.9615	0.0000	0.0086	0.8800	17.0000	0.7258	1.0000	1.0000	25.0000	26.0000	45.0000	62.0000	1.0000
high_conf_fp	S1-957111550	S3-241674502	0.9994	0	0.0000	0.0097	1.0000	1.0000	1.0000	4.0000	0.8667	0.0000	0.0088	0.7500	13.0000	0.7347	1.0000	1.0000	26.0000	30.0000	36.0000	49.0000	1.0000
high_conf_fp	S1-757489943	S3-196312357	0.9994	0	0.0000	0.0097	0.8462	1.0000	1.0000	1.0000	0.9524	0.0000	0.0090	0.7500	11.0000	0.7609	1.0000	1.0000	20.0000	21.0000	35.0000	46.0000	1.0000
high_conf_fp	S1-8361399	S3-652059857	0.9994	0	0.0000	0.0097	1.0000	1.0000	1.0000	3.0000	0.8500	0.0000	0.0088	0.8750	1.0000	0.9730	1.0000	1.0000	17.0000	20.0000	36.0000	37.0000	1.0000
high_conf_fp	S1-208669647	S2-333119220	0.9994	0	0.0000	0.0094	0.8125	1.0000	1.0000	8.0000	0.7143	0.0000	0.0097	1.0000	0.0000	1.0000	1.0000	1.0000	20.0000	28.0000	30.0000	30.0000	0.0000
high_conf_fp	S1-556708162	S3-322532324	0.9994	0	0.0000	0.0097	0.9333	1.0000	1.0000	3.0000	0.8636	0.0000	0.0087	0.8696	2.0000	0.9444	1.0000	1.0000	19.0000	22.0000	34.0000	36.0000	1.0000
high_conf_fp	S1-822759125	S3-43795397	0.9994	0	0.0000	0.0091	0.5714	1.0000	1.0000	3.0000	0.5714	0.0000	0.0087	0.9000	13.0000	0.7679	1.0000	1.0000	4.0000	7.0000	43.0000	56.0000	1.0000
high_conf_fp	S1-377548667	S3-652254794	0.9994	0	0.0000	0.0069	0.4286	1.0000	1.0000	22.0000	0.5510	0.0000	0.0056	0.6000	4.0000	0.9322	1.0000	1.0000	27.0000	49.0000	55.0000	59.0000	1.0000
high_conf_fp	S1-699621833	S2-786166869	0.9994	0	0.0000	0.0089	0.7059	1.0000	1.0000	5.0000	0.8214	1.0000	0.0100	1.0000	0.0000	1.0000	1.0000	1.0000	28.0000	23.0000	35.0000	35.0000	0.0000
high_conf_fp	S1-17257274	S3-356709971	0.9994	0	0.0000	0.0097	0.8667	1.0000	1.0000	1.0000	0.9677	0.0000	0.0049	0.8750	3.0000	0.9189	1.0000	1.0000	31.0000	30.0000	34.0000	37.0000	1.0000
high_conf_fp	S1-181170483	S3-361131106	0.9994	0	0.0000	0.0071	0.2500	0.0000	0.0000	22.0000	0.1200	1.0000	0.0100	1.0000	0.0000	1.0000	1.0000	1.0000	25.0000	3.0000	40.0000	40.0000	1.0000
high_conf_fp	S1-742075535	S3-745856537	0.9993	0	0.0000	0.0098	0.9286	1.0000	1.0000	2.0000	0.9130	0.0000	0.0081	0.8261	2.0000	0.9672	1.0000	1.0000	23.0000	21.0000	59.0000	61.0000	1.0000
high_conf_fp	S1-665421377	S2-719614357	0.9993	0	0.0000	0.0097	0.8750	1.0000	1.0000	2.0000	0.9429	0.0000	0.0096	0.9375	2.0000	0.9412	1.0000	1.0000	33.0000	35.0000	34.0000	32.0000	0.0000
high_conf_fp	S1-117738728	S2-356573272	0.9993	0	0.0000	0.0067	0.5789	1.0000	0.0000	19.0000	0.5581	0.0000	0.0064	0.6970	12.0000	0.8588	1.0000	1.0000	24.0000	43.0000	73.0000	85.0000	0.0000
high_conf_fp	S1-140348671	S2-716108491	0.9993	0	0.0000	0.0094	1.0000	1.0000	1.0000	9.0000	0.7000	0.0000	0.0076	1.0000	0.0000	1.0000	1.0000	1.0000	21.0000	30.0000	38.0000	38.0000	0.0000
high_conf_fp	S1-382848312	S2-515907810	0.9993	0	0.0000	0.0093	0.7333	1.0000	1.0000	9.0000	0.6538	0.0000	0.0078	1.0000	0.0000	1.0000	1.0000	1.0000	17.0000	26.0000	31.0000	31.0000	0.0000
high_conf_fp	S1-29123897	S2-138099435	0.9993	0	0.0000	0.0099	1.0000	1.0000	1.0000	1.0000	0.9500	0.0000	0.0094	0.8889	6.0000	0.9268	1.0000	1.0000	20.0000	19.0000	82.0000	76.0000	0.0000
high_conf_fp	S1-135276267	S3-921898822	0.9993	0	0.0000	0.0086	0.9412	1.0000	1.0000	8.0000	0.7895	0.0000	0.0064	0.6970	43.0000	0.6091	1.0000	1.0000	30.0000	38.0000	67.0000	110.0000	1.0000
high_conf_fp	S1-586002436	S2-902645166	0.9993	0	0.0000	0.0092	0.6842	1.0000	0.0000	5.0000	0.7917	0.0000	0.0072	1.0000	1.0000	0.9722	1.0000	1.0000	24.0000	19.0000	35.0000	36.0000	0.0000
high_conf_fp	S1-987656825	S2-509209761	0.9993	0	0.0000	0.0096	1.0000	1.0000	1.0000	4.0000	0.8095	0.0000	0.0088	0.7826	9.0000	0.7750	1.0000	1.0000	21.0000	17.0000	31.0000	40.0000	0.0000
high_conf_fp	S1-236126174	S3-127535624	0.9992	0	0.0000	0.0097	0.9167	1.0000	1.0000	3.0000	0.8333	0.0000	0.0089	0.8095	3.0000	0.9118	1.0000	1.0000	15.0000	18.0000	31.0000	34.0000	1.0000
high_conf_fp	S1-916850494	S2-367061573	0.9992	0	0.0000	0.0092	0.7500	1.0000	1.0000	7.0000	0.7500	0.0000	0.0091	1.0000	4.0000	0.8710	1.0000	1.0000	21.0000	28.0000	31.0000	27.0000	0.0000
high_conf_fp	S1-593645459	S2-675757088	0.9992	0	0.0000	0.0094	0.7778	1.0000	1.0000	12.0000	0.6842	0.0000	0.0097	1.0000	3.0000	0.9211	1.0000	1.0000	26.0000	38.0000	35.0000	38.0000	0.0000
high_conf_fp	S1-576026090	S2-156492302	0.9992	0	0.0000	0.0096	0.8750	1.0000	1.0000	5.0000	0.8148	0.0000	0.0089	0.8182	14.0000	0.6744	1.0000	1.0000	22.0000	27.0000	43.0000	29.0000	0.0000
high_conf_fp	S1-987656825	S3-661200207	0.9992	0	0.0000	0.0096	0.9231	1.0000	1.0000	0.0000	1.0000	0.0000	0.0094	0.7917	10.0000	0.7561	1.0000	1.0000	21.0000	21.0000	31.0000	41.0000	1.0000
high_conf_fp	S1-650495428	S3-481942954	0.9992	0	0.0000	0.0098	1.0000	1.0000	1.0000	4.0000	0.9024	0.0000	0.0094	0.8077	7.0000	0.8108	1.0000	1.0000	37.0000	41.0000	30.0000	37.0000	1.0000
high_conf_fp	S1-231740242	S3-656418010	0.9992	0	0.0000	0.0089	0.9333	1.0000	1.0000	18.0000	0.6087	0.0000	0.0071	0.9444	5.0000	0.8529	1.0000	1.0000	28.0000	46.0000	29.0000	34.0000	1.0000
high_conf_fp	S1-182427451	S2-129006436	0.9992	0	1.0000	0.0100	1.0000	1.0000	1.0000	0.0000	1.0000	0.0000	0.0079	0.7500	7.0000	0.8906	1.0000	1.0000	22.0000	22.0000	64.0000	57.0000	0.0000
high_conf_fp	S1-391650790	S3-155582762	0.9992	0	0.0000	0.0096	0.9412	1.0000	1.0000	7.0000	0.7941	0.0000	0.0093	1.0000	5.0000	0.8780	1.0000	1.0000	27.0000	34.0000	36.0000	41.0000	1.0000
high_conf_fp	S1-524897919	S2-58694912	0.9991	0	0.0000	0.0095	1.0000	1.0000	1.0000	2.0000	0.9444	0.0000	0.0091	0.7826	20.0000	0.5745	1.0000	1.0000	36.0000	34.0000	47.0000	27.0000	0.0000
high_conf_fp	S1-237553464	S3-444958613	0.9991	0	0.0000	0.0096	0.8235	1.0000	1.0000	4.0000	0.8571	0.0000	0.0072	0.9333	2.0000	0.9412	1.0000	1.0000	24.0000	28.0000	32.0000	34.0000	1.0000
high_conf_fp	S1-601499385	S3-788249625	0.9991	0	0.0000	0.0097	0.9333	1.0000	1.0000	1.0000	0.9677	0.0000	0.0088	0.8261	6.0000	0.8636	1.0000	1.0000	30.0000	31.0000	38.0000	44.0000	1.0000
high_conf_fp	S1-568762652	S3-381965201	0.9991	0	0.0000	0.0097	0.8500	1.0000	1.0000	5.0000	0.8611	0.0000	0.0092	0.8500	6.0000	0.8378	1.0000	1.0000	31.0000	36.0000	31.0000	37.0000	1.0000
high_conf_fp	S1-803184213	S3-828985926	0.9991	0	0.0000	0.0095	0.8750	1.0000	1.0000	4.0000	0.8519	0.0000	0.0094	0.8636	4.0000	0.8889	1.0000	1.0000	27.0000	23.0000	32.0000	36.0000	1.0000
high_conf_fp	S1-233473625	S3-452531335	0.9991	0	0.0000	0.0095	1.0000	1.0000	1.0000	2.0000	0.8889	0.0000	0.0090	0.7826	1.0000	0.9808	1.0000	1.0000	18.0000	16.0000	52.0000	51.0000	1.0000
high_conf_fp	S1-773077544	S3-628366955	0.9991	0	0.0000	0.0097	1.0000	1.0000	1.0000	4.0000	0.8571	0.0000	0.0096	0.7500	8.0000	0.8000	1.0000	1.0000	24.0000	28.0000	32.0000	40.0000	1.0000
high_conf_fp	S1-760247660	S3-166058314	0.9991	0	0.0000	0.0097	1.0000	1.0000	1.0000	4.0000	0.8571	0.0000	0.0096	0.8571	7.0000	0.8372	1.0000	1.0000	24.0000	28.0000	36.0000	43.0000	1.0000
high_conf_fp	S1-169588786	S3-269309791	0.9991	0	0.0000	0.0097	0.9375	1.0000	1.0000	0.0000	1.0000	0.0000	0.0066	0.9091	2.0000	0.9512	1.0000	1.0000	25.0000	25.0000	39.0000	41.0000	1.0000
high_conf_fp	S1-124037130	S2-324768362	0.9991	0	0.0000	0.0093	0.8462	1.0000	1.0000	4.0000	0.7895	0.0000	0.0100	0.9545	1.0000	0.9756	1.0000	1.0000	15.0000	19.0000	40.0000	41.0000	0.0000
high_conf_fp	S1-850065688	S2-961777148	0.9991	0	0.0000	0.0097	1.0000	1.0000	1.0000	4.0000	0.8462	0.0000	0.0084	0.9091	3.0000	0.9143	1.0000	1.0000	22.0000	26.0000	35.0000	32.0000	0.0000
high_conf_fp	S1-348491717	S2-503114429	0.9991	0	0.0000	0.0092	0.8462	1.0000	1.0000	10.0000	0.5833	0.0000	0.0060	0.9444	2.0000	0.9231	1.0000	1.0000	14.0000	24.0000	24.0000	26.0000	0.0000
high_conf_fp	S1-393189859	S3-659778484	0.9991	0	0.0000	0.0088	0.8462	1.0000	1.0000	3.0000	0.9000	0.0000	0.0076	1.0000	7.0000	0.8293	1.0000	1.0000	27.0000	30.0000	34.0000	41.0000	1.0000
high_conf_fp	S1-66669721	S2-738436309	0.9990	0	0.0000	0.0094	0.7143	1.0000	1.0000	6.0000	0.7692	0.0000	0.0078	1.0000	0.0000	1.0000	1.0000	1.0000	20.0000	26.0000	31.0000	31.0000	0.0000
high_conf_fp	S1-339597605	S3-697660752	0.9990	0	0.0000	0.0094	0.8000	1.0000	1.0000	0.0000	1.0000	0.0000	0.0092	0.8000	4.0000	0.8919	1.0000	1.0000	13.0000	13.0000	33.0000	37.0000	1.0000
high_conf_fp	S1-435597643	S3-427411387	0.9990	0	0.0000	0.0091	0.7692	1.0000	0.0000	4.0000	0.7647	0.0000	0.0091	0.9231	6.0000	0.7692	1.0000	1.0000	17.0000	13.0000	20.0000	26.0000	1.0000
high_conf_fp	S1-52850092	S3-195856509	0.9990	0	0.0000	0.0097	1.0000	1.0000	1.0000	0.0000	1.0000	0.0000	0.0065	0.8235	9.0000	0.7273	1.0000	1.0000	33.0000	33.0000	24.0000	33.0000	1.0000
high_conf_fp	S1-878738868	S2-948833520	0.9990	0	0.0000	0.0097	0.9474	1.0000	1.0000	5.0000	0.8611	0.0000	0.0074	0.8421	0.0000	1.0000	1.0000	1.0000	31.0000	36.0000	30.0000	30.0000	0.0000
high_conf_fp	S1-497734546	S2-89231151	0.9990	0	0.0000	0.0085	0.8571	1.0000	1.0000	4.0000	0.8095	1.0000	0.0100	1.0000	0.0000	1.0000	1.0000	1.0000	21.0000	17.0000	78.0000	78.0000	0.0000
high_conf_fp	S1-706525761	S2-131841125	0.9990	0	0.0000	0.0096	0.8750	1.0000	1.0000	0.0000	1.0000	0.0000	0.0067	0.9048	2.0000	0.9394	1.0000	1.0000	28.0000	28.0000	31.0000	33.0000	0.0000
high_conf_fp	S1-903253210	S3-515965138	0.9990	0	0.0000	0.0093	0.7692	1.0000	1.0000	7.0000	0.6500	0.0000	0.0096	0.9375	6.0000	0.8378	1.0000	1.0000	13.0000	20.0000	31.0000	37.0000	1.0000
high_conf_fp	S1-477540141	S2-641645448	0.9990	0	0.0000	0.0094	1.0000	1.0000	1.0000	0.0000	1.0000	0.0000	0.0080	0.9600	12.0000	0.8992	1.0000	1.0000	33.0000	33.0000	119.0000	107.0000	0.0000
high_conf_fp	S1-655744417	S2-176354933	0.9990	0	0.0000	0.0095	0.9091	1.0000	1.0000	5.0000	0.7619	0.0000	0.0092	0.9091	4.0000	0.8857	1.0000	1.0000	16.0000	21.0000	35.0000	31.0000	0.0000
high_conf_fp	S1-96577758	S3-73093480	0.9990	0	0.0000	0.0095	0.9091	1.0000	1.0000	4.0000	0.7500	0.0000	0.0079	0.9167	14.0000	0.7941	1.0000	1.0000	12.0000	16.0000	54.0000	68.0000	1.0000
high_conf_fp	S1-143743251	S3-299729815	0.9990	0	0.0000	0.0093	0.8125	1.0000	1.0000	9.0000	0.6538	0.0000	0.0089	1.0000	6.0000	0.8605	1.0000	1.0000	17.0000	26.0000	37.0000	43.0000	1.0000
high_conf_fp	S1-445203466	S2-863250621	0.9989	0	0.0000	0.0088	0.8571	1.0000	1.0000	4.0000	0.8919	0.0000	0.0096	1.0000	2.0000	0.9355	1.0000	1.0000	37.0000	33.0000	31.0000	29.0000	0.0000
high_conf_fp	S1-20327842	S3-852705082	0.9989	0	0.0000	0.0096	1.0000	1.0000	1.0000	0.0000	1.0000	0.0000	0.0084	0.7692	13.0000	0.7400	1.0000	1.0000	17.0000	17.0000	37.0000	50.0000	1.0000
high_conf_fp	S1-384133231	S3-1996359	0.9989	0	0.0000	0.0097	0.7778	1.0000	1.0000	0.0000	1.0000	0.0000	0.0065	0.9091	0.0000	1.0000	1.0000	1.0000	12.0000	12.0000	39.0000	39.0000	1.0000
high_conf_fp	S1-696256467	S3-812119972	0.9989	0	0.0000	0.0097	0.9231	1.0000	1.0000	1.0000	0.9474	0.0000	0.0085	0.7586	7.0000	0.8939	1.0000	1.0000	19.0000	18.0000	66.0000	59.0000	1.0000
high_conf_fp	S1-644741097	S2-357579979	0.9989	0	0.0000	0.0096	0.9474	1.0000	1.0000	4.0000	0.9091	0.0000	0.0091	0.8261	3.0000	0.9143	1.0000	1.0000	40.0000	44.0000	35.0000	32.0000	0.0000
high_conf_fp	S1-801879850	S3-939117921	0.9989	0	1.0000	0.0100	1.0000	1.0000	1.0000	0.0000	1.0000	0.0000	0.0071	0.8462	23.0000	0.7262	1.0000	1.0000	18.0000	18.0000	84.0000	61.0000	1.0000
high_conf_fp	S1-19112590	S2-815933520	0.9989	0	0.0000	0.0095	0.8000	1.0000	1.0000	6.0000	0.7692	0.0000	0.0093	1.0000	4.0000	0.8974	1.0000	1.0000	20.0000	26.0000	35.0000	39.0000	0.0000
high_conf_fp	S1-710773779	S3-872791779	0.9989	0	0.0000	0.0088	0.5882	1.0000	0.0000	16.0000	0.4839	0.0000	0.0075	1.0000	17.0000	0.8152	1.0000	1.0000	31.0000	15.0000	92.0000	75.0000	1.0000
high_conf_fp	S1-110089293	S3-313691512	0.9989	0	0.0000	0.0085	0.4000	1.0000	1.0000	19.0000	0.2692	0.0000	0.0071	1.0000	1.0000	0.9706	1.0000	1.0000	26.0000	7.0000	33.0000	34.0000	1.0000
high_conf_fp	S1-678255149	S2-61553372	0.9989	0	0.0000	0.0087	0.7333	1.0000	1.0000	1.0000	0.9474	1.0000	0.0100	1.0000	0.0000	1.0000	1.0000	1.0000	19.0000	18.0000	55.0000	55.0000	0.0000
high_conf_fp	S1-179121524	S2-272392175	0.9989	0	0.0000	0.0091	0.8000	1.0000	1.0000	4.0000	0.8571	0.0000	0.0077	1.0000	2.0000	0.9459	1.0000	1.0000	24.0000	28.0000	37.0000	35.0000	0.0000
high_conf_fp	S1-708757888	S3-92768474	0.9989	0	0.0000	0.0096	0.9333	1.0000	1.0000	5.0000	0.8214	0.0000	0.0090	0.8421	3.0000	0.9189	1.0000	1.0000	23.0000	28.0000	34.0000	37.0000	1.0000
high_conf_fp	S1-639410281	S3-951458299	0.9989	0	0.0000	0.0097	0.9231	1.0000	1.0000	4.0000	0.8462	0.0000	0.0096	0.8636	6.0000	0.8500	1.0000	1.0000	22.0000	26.0000	34.0000	40.0000	1.0000
high_conf_fp	S1-634082123	S3-540244468	0.9989	0	0.0000	0.0095	0.8824	1.0000	1.0000	4.0000	0.8667	0.0000	0.0074	0.9474	7.0000	0.8409	1.0000	1.0000	26.0000	30.0000	37.0000	44.0000	1.0000
high_conf_fp	S1-479513625	S2-154944559	0.9989	0	0.0000	0.0065	0.6842	1.0000	1.0000	7.0000	0.8000	0.0000	0.0068	0.5000	50.0000	0.6094	1.0000	1.0000	35.0000	28.0000	128.0000	78.0000	0.0000
high_conf_fp	S1-170466450	S3-463212104	0.9989	0	0.0000	0.0097	0.9333	1.0000	1.0000	4.0000	0.8519	0.0000	0.0077	0.7879	0.0000	1.0000	1.0000	1.0000	23.0000	27.0000	95.0000	95.0000	1.0000
high_conf_fp	S1-750070716	S3-910535211	0.9989	0	0.0000	0.0093	0.8667	1.0000	0.0000	0.0000	1.0000	0.0000	0.0076	0.9333	5.0000	0.8214	1.0000	1.0000	19.0000	19.0000	23.0000	28.0000	1.0000
high_conf_fp	S1-345044039	S2-665218324	0.9989	0	0.0000	0.0094	0.8125	1.0000	1.0000	2.0000	0.9310	0.0000	0.0093	0.9091	5.0000	0.8611	1.0000	1.0000	27.0000	29.0000	36.0000	31.0000	0.0000
high_conf_fp	S1-777674484	S2-104254798	0.9988	0	0.0000	0.0094	0.9412	1.0000	1.0000	1.0000	0.9667	0.0000	0.0091	0.8182	12.0000	0.7273	1.0000	1.0000	30.0000	29.0000	44.0000	32.0000	0.0000
high_conf_fp	S1-966178533	S2-550962756	0.9988	0	0.0000	0.0094	0.6667	1.0000	0.0000	2.0000	0.9000	0.0000	0.0092	0.8000	10.0000	0.7500	1.0000	1.0000	18.0000	20.0000	30.0000	40.0000	0.0000
high_conf_fp	S1-417783280	S3-362521310	0.9988	0	0.0000	0.0092	0.6923	1.0000	1.0000	8.0000	0.6190	0.0000	0.0096	0.9565	8.0000	0.8049	1.0000	1.0000	13.0000	21.0000	41.0000	33.0000	1.0000
high_conf_fp	S1-162120	S2-442681164	0.9988	0	0.0000	0.0095	1.0000	1.0000	1.0000	1.0000	0.9565	0.0000	0.0091	0.8571	0.0000	1.0000	1.0000	1.0000	23.0000	22.0000	34.0000	34.0000	0.0000
high_conf_fp	S1-595222009	S3-931777102	0.9988	0	0.0000	0.0097	0.9375	1.0000	1.0000	5.0000	0.8387	0.0000	0.0096	0.8182	8.0000	0.8000	1.0000	1.0000	26.0000	31.0000	32.0000	40.0000	1.0000
high_conf_fp	S1-995393895	S2-785427083	0.9988	0	1.0000	0.0100	1.0000	1.0000	1.0000	0.0000	1.0000	0.0000	0.0069	0.8000	20.0000	0.6364	1.0000	1.0000	39.0000	39.0000	35.0000	55.0000	0.0000
high_conf_fp	S1-881594230	S2-26927096	0.9988	0	0.0000	0.0095	0.9375	1.0000	1.0000	1.0000	0.9677	0.0000	0.0087	0.9130	3.0000	0.9231	1.0000	1.0000	30.0000	31.0000	36.0000	39.0000	0.0000
high_conf_fp	S1-936928847	S3-137418294	0.9988	0	0.0000	0.0096	0.8235	1.0000	1.0000	5.0000	0.7826	0.0000	0.0092	0.7647	7.0000	0.7941	1.0000	1.0000	18.0000	23.0000	27.0000	34.0000	1.0000
high_conf_fp	S1-319454743	S3-18805841	0.9988	0	0.0000	0.0097	0.9231	1.0000	1.0000	1.0000	0.9500	0.0000	0.0073	0.8261	1.0000	0.9783	1.0000	1.0000	20.0000	19.0000	46.0000	45.0000	1.0000
high_conf_fp	S1-960013137	S2-237239146	0.9988	0	0.0000	0.0097	0.9231	1.0000	1.0000	4.0000	0.8400	0.0000	0.0079	0.9091	12.0000	0.8378	1.0000	1.0000	21.0000	25.0000	74.0000	62.0000	0.0000
high_conf_fp	S1-448732160	S2-425938435	0.9988	0	0.0000	0.0095	0.8125	1.0000	1.0000	6.0000	0.7692	0.0000	0.0097	1.0000	0.0000	1.0000	1.0000	1.0000	20.0000	26.0000	35.0000	35.0000	0.0000
high_conf_fp	S1-668028173	S2-991725133	0.9988	0	0.0000	0.0094	0.9231	1.0000	1.0000	8.0000	0.7241	0.0000	0.0091	0.9545	2.0000	0.9444	1.0000	1.0000	21.0000	29.0000	34.0000	36.0000	0.0000
high_conf_fp	S1-186976275	S2-593118870	0.9988	0	0.0000	0.0092	0.7647	1.0000	1.0000	11.0000	0.6207	0.0000	0.0093	1.0000	4.0000	0.8947	1.0000	1.0000	18.0000	29.0000	38.0000	34.0000	0.0000
high_conf_fp	S1-715446408	S2-223392836	0.9987	0	0.0000	0.0097	1.0000	1.0000	1.0000	3.0000	0.8421	0.0000	0.0096	0.8696	5.0000	0.8913	1.0000	1.0000	16.0000	19.0000	46.0000	41.0000	0.0000
high_conf_fp	S1-96062715	S2-369807410	0.9987	0	0.0000	0.0086	0.8667	1.0000	1.0000	3.0000	0.8889	1.0000	0.0100	1.0000	0.0000	1.0000	1.0000	1.0000	24.0000	27.0000	69.0000	69.0000	0.0000
high_conf_fp	S1-241699745	S3-533762319	0.9987	0	0.0000	0.0096	0.9412	1.0000	1.0000	3.0000	0.9250	0.0000	0.0089	0.7727	2.0000	0.9375	1.0000	1.0000	37.0000	40.0000	30.0000	32.0000	1.0000
high_conf_fp	S1-549515800	S2-660645160	0.9987	0	0.0000	0.0092	0.7333	1.0000	1.0000	5.0000	0.7917	0.0000	0.0092	0.9545	4.0000	0.8857	1.0000	1.0000	19.0000	24.0000	35.0000	31.0000	0.0000
high_conf_fp	S1-497322779	S3-332218284	0.9987	0	0.0000	0.0098	0.9412	1.0000	1.0000	4.0000	0.8857	0.0000	0.0072	0.8462	2.0000	0.9733	1.0000	1.0000	35.0000	31.0000	75.0000	73.0000	1.0000
high_conf_fp	S1-57508780	S2-129097370	0.9987	0	0.0000	0.0096	0.8667	1.0000	1.0000	4.0000	0.8000	0.0000	0.0098	0.8889	1.0000	0.9677	1.0000	1.0000	16.0000	20.0000	30.0000	31.0000	0.0000
high_conf_fp	S1-254804716	S3-2787865	0.9987	0	0.0000	0.0097	0.9286	1.0000	1.0000	4.0000	0.8400	0.0000	0.0092	0.8214	4.0000	0.9259	1.0000	1.0000	21.0000	25.0000	50.0000	54.0000	1.0000
high_conf_fp	S1-401800192	S2-308045939	0.9987	0	0.0000	0.0093	0.7692	1.0000	0.0000	4.0000	0.7895	0.0000	0.0088	0.7727	16.0000	0.6279	1.0000	1.0000	15.0000	19.0000	27.0000	43.0000	0.0000
high_conf_fp	S1-190396239	S2-771210193	0.9987	0	0.0000	0.0094	0.7500	1.0000	0.0000	4.0000	0.8000	0.0000	0.0099	0.9500	1.0000	0.9714	1.0000	1.0000	20.0000	16.0000	34.0000	35.0000	0.0000
high_conf_fp	S1-830503973	S3-932612948	0.9987	0	0.0000	0.0095	0.8333	1.0000	0.0000	0.0000	1.0000	0.0000	0.0090	0.8333	8.0000	0.7419	1.0000	1.0000	17.0000	17.0000	23.0000	31.0000	1.0000
high_conf_fp	S1-337586609	S2-115101879	0.9987	0	0.0000	0.0091	0.6111	1.0000	1.0000	12.0000	0.6250	0.0000	0.0096	1.0000	2.0000	0.9512	1.0000	1.0000	20.0000	32.0000	41.0000	39.0000	0.0000
high_conf_fp	S1-307707769	S2-631268290	0.9987	0	0.0000	0.0092	0.9286	1.0000	1.0000	11.0000	0.7027	1.0000	0.0100	1.0000	0.0000	1.0000	1.0000	1.0000	26.0000	37.0000	37.0000	37.0000	0.0000
high_conf_fp	S1-456891501	S3-873747954	0.9987	0	0.0000	0.0096	0.9333	1.0000	0.0000	0.0000	1.0000	0.0000	0.0079	0.9524	5.0000	0.8718	1.0000	1.0000	23.0000	23.0000	34.0000	39.0000	1.0000
high_conf_fp	S1-634082123	S3-473705484	0.9986	0	0.0000	0.0093	0.8824	1.0000	1.0000	13.0000	0.6667	0.0000	0.0076	0.9474	4.0000	0.9024	1.0000	1.0000	26.0000	39.0000	37.0000	41.0000	1.0000
high_conf_fp	S1-695769241	S3-524381502	0.9986	0	0.0000	0.0095	1.0000	1.0000	1.0000	9.0000	0.7568	0.0000	0.0097	0.8636	4.0000	0.8710	1.0000	1.0000	28.0000	37.0000	27.0000	31.0000	1.0000
high_conf_fp	S1-10395781	S2-964745535	0.9986	0	0.0000	0.0097	0.9474	1.0000	1.0000	5.0000	0.8611	0.0000	0.0093	0.7692	6.0000	0.8605	1.0000	1.0000	31.0000	36.0000	37.0000	43.0000	0.0000
high_conf_fp	S1-155644114	S3-816371527	0.9986	0	0.0000	0.0097	0.8000	1.0000	0.0000	0.0000	1.0000	0.0000	0.0096	0.8947	7.0000	0.7879	1.0000	1.0000	12.0000	12.0000	26.0000	33.0000	1.0000
high_conf_fp	S1-644116065	S3-238845645	0.9986	0	0.0000	0.0095	0.8824	1.0000	1.0000	8.0000	0.7647	0.0000	0.0095	0.9412	5.0000	0.8571	1.0000	1.0000	26.0000	34.0000	30.0000	35.0000	1.0000
high_conf_fp	S1-254260276	S2-330255211	0.9986	0	0.0000	0.0060	0.3889	1.0000	0.0000	19.0000	0.4062	0.0000	0.0060	0.6364	52.0000	0.5398	1.0000	1.0000	32.0000	13.0000	113.0000	61.0000	0.0000
high_conf_fp	S1-744076419	S3-114710834	0.9986	0	0.0000	0.0096	0.8462	1.0000	1.0000	4.0000	0.8095	0.0000	0.0073	0.8095	5.0000	0.8837	1.0000	1.0000	17.0000	21.0000	38.0000	43.0000	1.0000
high_conf_fp	S1-939200246	S3-367805214	0.9986	0	0.0000	0.0089	0.8947	1.0000	1.0000	2.0000	0.9512	0.0000	0.0095	0.9545	2.0000	0.9524	1.0000	1.0000	41.0000	39.0000	40.0000	42.0000	1.0000
high_conf_fp	S1-558645059	S2-227586060	0.9986	0	0.0000	0.0097	1.0000	1.0000	1.0000	4.0000	0.8571	0.0000	0.0086	0.7857	9.0000	0.8696	1.0000	1.0000	24.0000	28.0000	69.0000	60.0000	0.0000
high_conf_fp	S1-411355607	S3-743495382	0.9986	0	0.0000	0.0095	0.9444	1.0000	1.0000	5.0000	0.8529	0.0000	0.0097	1.0000	3.0000	0.9143	1.0000	1.0000	29.0000	34.0000	32.0000	35.0000	1.0000
high_conf_fp	S1-725419179	S3-384913446	0.9986	0	0.0000	0.0098	0.9231	1.0000	0.0000	0.0000	1.0000	0.0000	0.0074	0.8636	13.0000	0.7111	1.0000	1.0000	23.0000	23.0000	32.0000	45.0000	1.0000
high_conf_fp	S1-100855180	S2-71361445	0.9985	0	0.0000	0.0091	0.6364	1.0000	0.0000	3.0000	0.7500	0.0000	0.0091	1.0000	2.0000	0.9429	1.0000	1.0000	12.0000	9.0000	35.0000	33.0000	0.0000
high_conf_fp	S1-18636186	S2-922209818	0.9985	0	0.0000	0.0095	0.8000	1.0000	0.0000	1.0000	0.9474	0.0000	0.0072	1.0000	3.0000	0.9189	1.0000	1.0000	19.0000	18.0000	37.0000	34.0000	0.0000
high_conf_fp	S1-760331900	S3-561987348	0.9985	0	0.0000	0.0096	0.8333	1.0000	1.0000	0.0000	1.0000	0.0000	0.0079	0.9259	12.0000	0.8125	1.0000	1.0000	29.0000	29.0000	52.0000	64.0000	1.0000
high_conf_fp	S1-769919716	S3-85592108	0.9985	0	0.0000	0.0094	0.9231	1.0000	0.0000	0.0000	1.0000	0.0000	0.0094	0.8000	11.0000	0.6944	1.0000	1.0000	18.0000	18.0000	25.0000	36.0000	1.0000
high_conf_fp	S1-880211223	S2-92896214	0.9985	0	0.0000	0.0094	0.7692	1.0000	1.0000	5.0000	0.7222	0.0000	0.0097	0.8421	2.0000	0.9355	1.0000	1.0000	13.0000	18.0000	29.0000	31.0000	0.0000
high_conf_fp	S1-2017364	S2-802070136	0.9985	0	0.0000	0.0091	0.8000	1.0000	0.0000	2.0000	0.9200	0.0000	0.0091	0.8500	9.0000	0.7500	1.0000	1.0000	25.0000	23.0000	36.0000	27.0000	0.0000
high_conf_fp	S1-648926516	S3-421739263	0.9985	0	0.0000	0.0097	0.9231	1.0000	1.0000	5.0000	0.8333	0.0000	0.0096	0.9048	6.0000	0.8605	1.0000	1.0000	25.0000	30.0000	37.0000	43.0000	1.0000
high_conf_fp	S1-315411692	S2-106684590	0.9985	0	0.0000	0.0091	0.8824	1.0000	0.0000	6.0000	0.8235	0.0000	0.0092	1.0000	11.0000	0.7179	1.0000	1.0000	34.0000	28.0000	39.0000	28.0000	0.0000
high_conf_fp	S1-399903061	S3-696768456	0.9984	0	0.0000	0.0096	0.8667	1.0000	1.0000	0.0000	1.0000	0.0000	0.0096	0.9286	4.0000	0.9583	1.0000	1.0000	21.0000	21.0000	96.0000	92.0000	1.0000
high_conf_fp	S1-811468003	S2-222232617	0.9984	0	0.0000	0.0095	0.9091	1.0000	1.0000	4.0000	0.7500	0.0000	0.0084	0.7895	17.0000	0.6136	1.0000	1.0000	12.0000	16.0000	44.0000	27.0000	0.0000
high_conf_fp	S1-137246785	S2-470796939	0.9984	0	0.0000	0.0084	0.9474	0.0000	0.0000	0.0000	1.0000	1.0000	0.0100	1.0000	0.0000	1.0000	1.0000	1.0000	36.0000	36.0000	30.0000	30.0000	0.0000
high_conf_fp	S1-668711619	S2-781804175	0.9984	0	0.0000	0.0085	0.5000	1.0000	1.0000	8.0000	0.7037	1.0000	0.0100	1.0000	0.0000	1.0000	1.0000	1.0000	27.0000	19.0000	39.0000	39.0000	0.0000
high_conf_fp	S1-617676705	S2-175195381	0.9984	0	0.0000	0.0092	0.8000	1.0000	1.0000	9.0000	0.6087	0.0000	0.0077	0.9524	8.0000	0.8222	1.0000	1.0000	14.0000	23.0000	37.0000	45.0000	0.0000
high_conf_fp	S1-876977753	S2-300177843	0.9984	0	0.0000	0.0096	0.8750	1.0000	1.0000	1.0000	0.9643	0.0000	0.0087	0.8000	9.0000	0.7353	1.0000	1.0000	27.0000	28.0000	34.0000	25.0000	0.0000
high_conf_fp	S1-540988247	S3-200753792	0.9984	0	0.0000	0.0096	1.0000	1.0000	1.0000	4.0000	0.7895	0.0000	0.0076	0.9000	23.0000	0.7870	1.0000	1.0000	15.0000	19.0000	108.0000	85.0000	1.0000
high_conf_fp	S1-91051962	S2-969385565	0.9984	0	0.0000	0.0094	0.7647	1.0000	0.0000	1.0000	0.9545	0.0000	0.0092	1.0000	4.0000	0.8788	1.0000	1.0000	21.0000	22.0000	33.0000	29.0000	0.0000
high_conf_fp	S1-681335103	S3-947326115	0.9984	0	0.0000	0.0095	0.8235	1.0000	0.0000	4.0000	0.8519	0.0000	0.0092	0.8947	2.0000	0.9444	1.0000	1.0000	23.0000	27.0000	34.0000	36.0000	1.0000
high_conf_fp	S1-169473315	S3-455184765	0.9984	0	0.0000	0.0091	0.9333	1.0000	0.0000	1.0000	0.9545	0.0000	0.0091	0.7778	3.0000	0.8696	1.0000	1.0000	21.0000	22.0000	23.0000	20.0000	1.0000
high_conf_fp	S1-497121572	S3-192973015	0.9984	0	0.0000	0.0095	0.9375	1.0000	0.0000	0.0000	1.0000	0.0000	0.0076	1.0000	12.0000	0.7895	0.0000	1.0000	35.0000	35.0000	57.0000	45.0000	1.0000
high_conf_fp	S1-147631226	S3-75188884	0.9983	0	0.0000	0.0086	0.7500	1.0000	0.0000	13.0000	0.5357	0.0000	0.0091	0.9444	9.0000	0.7568	1.0000	1.0000	15.0000	28.0000	28.0000	37.0000	1.0000
high_conf_fp	S1-601697486	S2-435598734	0.9983	0	0.0000	0.0096	0.9412	1.0000	1.0000	9.0000	0.8200	0.0000	0.0092	0.9375	4.0000	0.8571	1.0000	1.0000	41.0000	50.0000	28.0000	24.0000	0.0000
high_conf_fp	S1-41848940	S2-827783014	0.9983	0	0.0000	0.0097	0.9375	1.0000	1.0000	6.0000	0.8286	0.0000	0.0095	1.0000	3.0000	0.9189	1.0000	1.0000	29.0000	35.0000	37.0000	34.0000	0.0000
high_conf_fp	S1-233555210	S2-483233179	0.9983	0	0.0000	0.0098	1.0000	1.0000	1.0000	4.0000	0.8974	0.0000	0.0099	0.9500	0.0000	1.0000	1.0000	1.0000	35.0000	39.0000	40.0000	40.0000	0.0000
high_conf_fp	S1-152491467	S2-526115227	0.9983	0	0.0000	0.0085	0.6923	1.0000	1.0000	12.0000	0.6000	1.0000	0.0100	1.0000	0.0000	1.0000	1.0000	1.0000	30.0000	18.0000	28.0000	28.0000	0.0000
high_conf_fp	S1-567994110	S3-595885340	0.9983	0	0.0000	0.0097	0.9231	1.0000	1.0000	1.0000	0.9565	0.0000	0.0083	0.7619	16.0000	0.6190	1.0000	1.0000	23.0000	22.0000	26.0000	42.0000	1.0000
high_conf_fp	S1-973860093	S2-560317986	0.9983	0	0.0000	0.0097	0.9231	1.0000	1.0000	4.0000	0.8261	0.0000	0.0081	0.8846	9.0000	0.8846	1.0000	1.0000	19.0000	23.0000	78.0000	69.0000	0.0000
high_conf_fp	S1-687090974	S2-813140739	0.9983	0	0.0000	0.0095	0.6923	1.0000	0.0000	0.0000	1.0000	0.0000	0.0097	0.8947	3.0000	0.9091	1.0000	1.0000	16.0000	16.0000	33.0000	30.0000	0.0000
high_conf_fp	S1-229229820	S3-240812596	0.9982	0	0.0000	0.0093	0.8462	1.0000	0.0000	2.0000	0.9310	0.0000	0.0093	1.0000	4.0000	0.9149	1.0000	1.0000	27.0000	29.0000	43.0000	47.0000	1.0000
high_conf_fp	S1-911542291	S2-207411888	0.9982	0	0.0000	0.0090	0.9231	1.0000	1.0000	8.0000	0.7143	0.0000	0.0096	0.9524	2.0000	0.9412	1.0000	1.0000	20.0000	28.0000	34.0000	32.0000	0.0000
high_conf_fp	S1-699794595	S3-20246864	0.9982	0	0.0000	0.0083	0.4286	1.0000	1.0000	7.0000	0.5333	0.0000	0.0087	1.0000	7.0000	0.8333	1.0000	1.0000	8.0000	15.0000	35.0000	42.0000	1.0000
high_conf_fp	S1-397485165	S2-343233667	0.9982	0	0.0000	0.0089	0.6923	1.0000	0.0000	8.0000	0.6364	0.0000	0.0095	0.9545	12.0000	0.7600	1.0000	1.0000	22.0000	14.0000	50.0000	38.0000	0.0000
high_conf_fp	S1-984286214	S3-861103698	0.9982	0	0.0000	0.0087	0.4545	1.0000	1.0000	9.0000	0.3571	0.0000	0.0088	0.9167	7.0000	0.8654	1.0000	1.0000	5.0000	14.0000	45.0000	52.0000	1.0000
high_conf_fp	S1-256854388	S2-991211360	0.9982	0	0.0000	0.0087	0.8000	1.0000	1.0000	2.0000	0.9286	0.0000	0.0092	0.9500	0.0000	1.0000	1.0000	1.0000	26.0000	28.0000	30.0000	30.0000	0.0000
high_conf_fp	S1-269358481	S2-786479424	0.9982	0	0.0000	0.0099	0.9286	1.0000	1.0000	1.0000	0.9583	0.0000	0.0097	0.8000	0.0000	1.0000	1.0000	1.0000	23.0000	24.0000	27.0000	27.0000	0.0000
high_conf_fp	S1-237515140	S2-827344447	0.9982	0	0.0000	0.0093	0.7857	1.0000	1.0000	2.0000	0.9167	0.0000	0.0097	0.9091	4.0000	0.9024	1.0000	1.0000	22.0000	24.0000	37.0000	41.0000	0.0000
high_conf_fp	S1-611208773	S2-999446127	0.9981	0	0.0000	0.0091	0.6429	1.0000	1.0000	10.0000	0.5652	0.0000	0.0098	0.9524	1.0000	0.9677	1.0000	1.0000	13.0000	23.0000	30.0000	31.0000	0.0000
high_conf_fp	S1-981990097	S2-543211659	0.9981	0	0.0000	0.0097	0.8462	1.0000	1.0000	4.0000	0.8261	0.0000	0.0087	0.8462	1.0000	0.9722	1.0000	1.0000	19.0000	23.0000	35.0000	36.0000	0.0000
high_conf_fp	S1-159982085	S3-703994454	0.9981	0	0.0000	0.0092	0.8333	1.0000	1.0000	8.0000	0.6522	0.0000	0.0097	1.0000	6.0000	0.8776	1.0000	1.0000	15.0000	23.0000	43.0000	49.0000	1.0000
high_conf_fp	S1-896247379	S2-220343054	0.9981	0	0.0000	0.0097	0.9231	1.0000	1.0000	4.0000	0.8519	0.0000	0.0067	0.9200	4.0000	0.9111	1.0000	1.0000	23.0000	27.0000	45.0000	41.0000	0.0000
high_conf_fp	S1-37803957	S2-482690087	0.9981	0	0.0000	0.0097	1.0000	1.0000	1.0000	4.0000	0.8462	0.0000	0.0070	0.8333	6.0000	0.8571	1.0000	1.0000	22.0000	26.0000	36.0000	42.0000	0.0000
high_conf_fp	S1-720706566	S3-759063556	0.9981	0	0.0000	0.0094	0.6429	1.0000	0.0000	1.0000	0.9444	0.0000	0.0097	0.9524	6.0000	0.8696	1.0000	1.0000	17.0000	18.0000	40.0000	46.0000	1.0000
high_conf_fp	S1-921427420	S2-375900904	0.9981	0	0.0000	0.0094	0.7692	1.0000	0.0000	4.0000	0.8000	0.0000	0.0075	0.8000	11.0000	0.7500	1.0000	1.0000	20.0000	16.0000	44.0000	33.0000	0.0000
high_conf_fp	S1-645953197	S2-794466981	0.9981	0	0.0000	0.0092	0.8571	1.0000	1.0000	9.0000	0.7097	1.0000	0.0100	1.0000	0.0000	1.0000	1.0000	1.0000	22.0000	31.0000	40.0000	40.0000	0.0000
high_conf_fp	S1-124852948	S3-600990007	0.9981	0	0.0000	0.0097	0.8750	1.0000	1.0000	5.0000	0.8936	0.0000	0.0088	0.8571	0.0000	1.0000	1.0000	1.0000	42.0000	47.0000	42.0000	42.0000	1.0000
high_conf_fp	S1-350637275	S3-797232812	0.9981	0	0.0000	0.0095	0.8000	1.0000	0.0000	5.0000	0.7619	0.0000	0.0088	0.9524	5.0000	0.8889	1.0000	1.0000	16.0000	21.0000	40.0000	45.0000	1.0000
high_conf_fp	S1-132513546	S3-373294619	0.9981	0	0.0000	0.0097	0.9286	1.0000	0.0000	0.0000	1.0000	0.0000	0.0092	0.9545	2.0000	0.9412	1.0000	1.0000	24.0000	24.0000	32.0000	34.0000	1.0000
high_conf_fp	S1-538293273	S2-281574220	0.9981	0	0.0000	0.0096	0.7143	1.0000	1.0000	8.0000	0.8095	0.0000	0.0096	0.9615	12.0000	0.8500	1.0000	1.0000	34.0000	42.0000	80.0000	68.0000	0.0000
high_conf_fp	S1-274238014	S3-529376713	0.9981	0	0.0000	0.0098	0.9375	1.0000	1.0000	1.0000	0.9655	0.0000	0.0074	0.7143	1.0000	0.9804	1.0000	1.0000	29.0000	28.0000	50.0000	51.0000	1.0000
high_conf_fp	S1-77847052	S3-457382189	0.9981	0	0.0000	0.0096	0.9231	1.0000	1.0000	0.0000	1.0000	0.0000	0.0094	0.7500	9.0000	0.7568	1.0000	1.0000	19.0000	19.0000	28.0000	37.0000	1.0000
high_conf_fp	S1-230885190	S3-365060501	0.9981	0	0.0000	0.0091	0.7500	1.0000	0.0000	3.0000	0.8696	0.0000	0.0096	0.9375	6.0000	0.8182	1.0000	1.0000	20.0000	23.0000	27.0000	33.0000	1.0000
high_conf_fp	S1-738111001	S2-31296869	0.9980	0	0.0000	0.0098	0.9231	1.0000	0.0000	0.0000	1.0000	0.0000	0.0090	0.8667	0.0000	1.0000	1.0000	1.0000	24.0000	24.0000	27.0000	27.0000	0.0000
high_conf_fp	S1-998071625	S3-330653991	0.9980	0	0.0000	0.0095	0.8333	1.0000	0.0000	2.0000	0.9000	0.0000	0.0057	1.0000	7.0000	0.8333	1.0000	1.0000	18.0000	20.0000	35.0000	42.0000	1.0000
high_conf_fp	S1-958118389	S3-674933002	0.9980	0	0.0000	0.0083	0.9333	1.0000	1.0000	2.0000	0.9333	0.0000	0.0080	0.9444	8.0000	0.7895	1.0000	1.0000	30.0000	28.0000	30.0000	38.0000	1.0000
high_conf_fp	S1-432515858	S2-434855823	0.9980	0	0.0000	0.0097	1.0000	1.0000	1.0000	4.0000	0.8519	0.0000	0.0075	0.7419	17.0000	0.8455	1.0000	1.0000	27.0000	23.0000	110.0000	93.0000	0.0000
high_conf_fp	S1-711604940	S2-981139358	0.9980	0	0.0000	0.0097	0.9333	1.0000	1.0000	0.0000	1.0000	0.0000	0.0051	0.8421	0.0000	1.0000	1.0000	1.0000	31.0000	31.0000	30.0000	30.0000	0.0000
high_conf_fp	S1-998243406	S2-99182236	0.9980	0	0.0000	0.0075	0.9231	0.0000	0.0000	0.0000	1.0000	1.0000	0.0100	1.0000	0.0000	1.0000	1.0000	1.0000	22.0000	22.0000	68.0000	68.0000	0.0000
high_conf_fp	S1-4862422	S3-330421921	0.9980	0	0.0000	0.0063	0.4074	1.0000	1.0000	1.0000	0.9714	0.0000	0.0066	0.6429	69.0000	0.2737	1.0000	1.0000	35.0000	34.0000	95.0000	26.0000	1.0000
high_conf_fp	S1-773749392	S3-655040845	0.9980	0	1.0000	0.0100	1.0000	1.0000	1.0000	0.0000	1.0000	0.0000	0.0080	0.7000	8.0000	0.7838	1.0000	1.0000	30.0000	30.0000	29.0000	37.0000	1.0000
high_conf_fp	S1-446005370	S3-277200149	0.9980	0	0.0000	0.0093	0.9231	1.0000	1.0000	0.0000	1.0000	0.0000	0.0092	0.7500	8.0000	0.8095	1.0000	1.0000	28.0000	28.0000	34.0000	42.0000	1.0000
high_conf_fp	S1-858966880	S3-423880443	0.9980	0	0.0000	0.0093	0.8000	1.0000	1.0000	1.0000	0.9643	0.0000	0.0096	0.9130	4.0000	0.9070	1.0000	1.0000	28.0000	27.0000	39.0000	43.0000	1.0000
high_conf_fp	S1-762046463	S2-594235742	0.9980	0	0.0000	0.0090	0.8235	1.0000	0.0000	2.0000	0.9200	0.0000	0.0094	1.0000	3.0000	0.9118	1.0000	1.0000	25.0000	23.0000	34.0000	31.0000	0.0000
high_conf_fp	S1-442899823	S3-386670428	0.9980	0	0.0000	0.0070	0.2667	1.0000	1.0000	13.0000	0.3158	0.0000	0.0079	0.9474	4.0000	0.8750	1.0000	1.0000	19.0000	6.0000	28.0000	32.0000	1.0000
high_conf_fp	S1-798644763	S3-904937962	0.9980	0	0.0000	0.0098	1.0000	1.0000	1.0000	4.0000	0.9048	0.0000	0.0084	0.6667	8.0000	0.7949	1.0000	1.0000	38.0000	42.0000	31.0000	39.0000	1.0000
high_conf_fp	S1-505509360	S2-136138948	0.9980	0	0.0000	0.0096	0.9375	1.0000	1.0000	4.0000	0.8621	0.0000	0.0091	0.9310	10.0000	0.8684	1.0000	1.0000	25.0000	29.0000	76.0000	66.0000	0.0000
high_conf_fp	S1-738127957	S3-147939505	0.9980	0	0.0000	0.0098	0.8571	1.0000	0.0000	0.0000	1.0000	0.0000	0.0099	0.8947	2.0000	0.9259	1.0000	1.0000	17.0000	17.0000	25.0000	27.0000	1.0000
high_conf_fp	S1-291062485	S3-405109557	0.9980	0	0.0000	0.0096	0.7333	1.0000	0.0000	0.0000	1.0000	0.0000	0.0089	0.9000	3.0000	0.9250	1.0000	1.0000	21.0000	21.0000	37.0000	40.0000	1.0000
high_conf_fp	S1-615466936	S2-570895693	0.9979	0	0.0000	0.0094	0.7000	1.0000	1.0000	0.0000	1.0000	0.0000	0.0077	0.8846	19.0000	0.7711	1.0000	1.0000	13.0000	13.0000	83.0000	64.0000	0.0000
high_conf_fp	S1-574407565	S2-252751637	0.9979	0	0.0000	0.0091	0.7333	1.0000	0.0000	2.0000	0.9048	0.0000	0.0087	0.7647	13.0000	0.5806	1.0000	1.0000	19.0000	21.0000	31.0000	18.0000	0.0000
high_conf_fp	S1-439577797	S3-809132372	0.9979	0	0.0000	0.0095	0.8667	1.0000	1.0000	1.0000	0.9677	0.0000	0.0093	0.8000	8.0000	0.8261	1.0000	1.0000	31.0000	30.0000	38.0000	46.0000	1.0000
high_conf_fp	S1-99564680	S2-758085035	0.9979	0	0.0000	0.0092	0.7273	1.0000	0.0000	4.0000	0.7333	0.0000	0.0092	0.8421	9.0000	0.7632	1.0000	1.0000	15.0000	11.0000	38.0000	29.0000	0.0000
high_conf_fp	S1-641385119	S2-183878342	0.9979	0	0.0000	0.0090	0.9286	1.0000	1.0000	1.0000	0.9524	0.0000	0.0096	1.0000	12.0000	0.8723	1.0000	1.0000	21.0000	20.0000	94.0000	82.0000	0.0000
high_conf_fp	S1-617603428	S3-891940643	0.9979	0	0.0000	0.0087	0.5833	1.0000	1.0000	2.0000	0.8462	0.0000	0.0089	0.8947	4.0000	0.9091	1.0000	1.0000	11.0000	13.0000	40.0000	44.0000	1.0000
high_conf_fp	S1-506437666	S2-628488845	0.9979	0	0.0000	0.0091	0.9167	1.0000	0.0000	0.0000	1.0000	0.0000	0.0099	0.9444	1.0000	0.9706	1.0000	1.0000	29.0000	29.0000	33.0000	34.0000	0.0000
high_conf_fp	S1-170846188	S3-62877524	0.9979	0	0.0000	0.0091	0.7857	1.0000	1.0000	0.0000	1.0000	0.0000	0.0070	0.9600	18.0000	0.6786	1.0000	1.0000	21.0000	21.0000	38.0000	56.0000	1.0000
high_conf_fp	S1-682009237	S3-482733921	0.9979	0	0.0000	0.0071	0.7059	0.0000	0.0000	14.0000	0.6316	1.0000	0.0100	1.0000	0.0000	1.0000	1.0000	1.0000	24.0000	38.0000	63.0000	63.0000	1.0000
high_conf_fp	S1-406926020	S3-141573584	0.9979	0	0.0000	0.0089	0.9286	1.0000	0.0000	5.0000	0.8148	0.0000	0.0097	0.9444	6.0000	0.8333	1.0000	1.0000	27.0000	22.0000	30.0000	36.0000	1.0000
high_conf_fp	S1-631088318	S3-267124325	0.9979	0	0.0000	0.0094	0.8000	1.0000	1.0000	2.0000	0.9286	0.0000	0.0094	0.8261	9.0000	0.7955	1.0000	1.0000	26.0000	28.0000	35.0000	44.0000	1.0000
high_conf_fp	S1-938368434	S2-833367482	0.9979	0	0.0000	0.0095	0.8824	1.0000	0.0000	1.0000	0.9583	0.0000	0.0089	0.7917	7.0000	0.8250	1.0000	1.0000	23.0000	24.0000	40.0000	33.0000	0.0000
high_conf_fp	S1-772426551	S2-223169535	0.9979	0	0.0000	0.0093	1.0000	1.0000	1.0000	11.0000	0.6765	0.0000	0.0096	1.0000	8.0000	0.8462	1.0000	1.0000	23.0000	34.0000	44.0000	52.0000	0.0000
high_conf_fp	S1-471508996	S3-940222231	0.9979	0	0.0000	0.0096	0.9091	1.0000	1.0000	3.0000	0.7857	0.0000	0.0064	0.8500	20.0000	0.6078	1.0000	1.0000	11.0000	14.0000	31.0000	51.0000	1.0000
high_conf_fp	S1-570868550	S2-365196669	0.9979	0	0.0000	0.0098	0.9500	1.0000	1.0000	4.0000	0.9184	0.0000	0.0094	0.8800	9.0000	0.8714	1.0000	1.0000	45.0000	49.0000	70.0000	61.0000	0.0000
high_conf_fp	S1-529732553	S3-169286122	0.9979	0	0.0000	0.0096	0.9286	1.0000	1.0000	4.0000	0.8519	0.0000	0.0066	0.9583	23.0000	0.6714	1.0000	1.0000	23.0000	27.0000	70.0000	47.0000	1.0000
high_conf_fp	S1-652062604	S3-927163748	0.9978	0	0.0000	0.0086	0.8750	1.0000	1.0000	1.0000	0.9667	0.0000	0.0068	1.0000	4.0000	0.9091	1.0000	1.0000	30.0000	29.0000	40.0000	44.0000	1.0000
high_conf_fp	S1-129052898	S2-755019186	0.9978	0	0.0000	0.0092	0.8667	1.0000	0.0000	3.0000	0.8846	1.0000	0.0100	1.0000	0.0000	1.0000	1.0000	1.0000	23.0000	26.0000	32.0000	32.0000	0.0000
high_conf_fp	S1-819421131	S2-452454913	0.9978	0	0.0000	0.0094	0.8571	1.0000	1.0000	8.0000	0.7037	0.0000	0.0093	0.8696	3.0000	0.9062	1.0000	1.0000	19.0000	27.0000	32.0000	29.0000	0.0000
high_conf_fp	S1-666974254	S2-209262233	0.9978	0	0.0000	0.0097	0.9375	1.0000	1.0000	4.0000	0.8400	0.0000	0.0061	0.8333	3.0000	0.8966	1.0000	1.0000	21.0000	25.0000	29.0000	26.0000	0.0000
high_conf_fp	S1-783541971	S2-653579676	0.9978	0	0.0000	0.0096	0.8235	1.0000	1.0000	7.0000	0.8108	0.0000	0.0091	0.8947	8.0000	0.7949	1.0000	1.0000	30.0000	37.0000	39.0000	31.0000	0.0000
high_conf_fp	S1-690579156	S2-916357280	0.9978	0	0.0000	0.0088	0.8125	0.0000	0.0000	15.0000	0.5312	1.0000	0.0100	1.0000	0.0000	1.0000	1.0000	1.0000	17.0000	32.0000	34.0000	34.0000	0.0000
high_conf_fp	S1-689029582	S3-14998577	0.9978	0	0.0000	0.0090	0.7500	1.0000	0.0000	4.0000	0.7778	0.0000	0.0096	0.9444	6.0000	0.8235	1.0000	1.0000	18.0000	14.0000	28.0000	34.0000	1.0000
high_conf_fp	S1-186439136	S2-117995651	0.9977	0	0.0000	0.0092	0.8571	1.0000	1.0000	12.0000	0.6000	1.0000	0.0100	1.0000	0.0000	1.0000	1.0000	1.0000	18.0000	30.0000	82.0000	82.0000	0.0000
high_conf_fp	S1-42358157	S3-787567465	0.9977	0	0.0000	0.0071	0.7059	0.0000	0.0000	16.0000	0.6735	1.0000	0.0100	1.0000	0.0000	1.0000	1.0000	1.0000	33.0000	49.0000	59.0000	59.0000	1.0000
high_conf_fp	S1-642423923	S3-571326160	0.9977	0	0.0000	0.0088	0.8125	1.0000	0.0000	3.0000	0.8846	0.0000	0.0091	0.9500	6.0000	0.8537	1.0000	1.0000	23.0000	26.0000	35.0000	41.0000	1.0000
high_conf_fp	S1-789993422	S2-441707840	0.9977	0	0.0000	0.0092	0.7143	1.0000	0.0000	3.0000	0.8333	0.0000	0.0090	0.8947	1.0000	0.9706	1.0000	1.0000	18.0000	15.0000	33.0000	34.0000	0.0000
high_conf_fp	S1-908493082	S3-992088591	0.9977	0	0.0000	0.0096	0.8667	1.0000	1.0000	5.0000	0.7917	0.0000	0.0096	0.7727	7.0000	0.8293	1.0000	1.0000	19.0000	24.0000	34.0000	41.0000	1.0000
high_conf_fp	S1-738003288	S3-18003025	0.9977	0	0.0000	0.0076	0.6316	0.0000	0.0000	16.0000	0.5789	1.0000	0.0100	1.0000	0.0000	1.0000	1.0000	1.0000	22.0000	38.0000	75.0000	75.0000	1.0000
high_conf_fp	S1-736763192	S3-276812100	0.9977	0	0.0000	0.0088	0.7500	1.0000	0.0000	5.0000	0.7222	0.0000	0.0093	0.9524	9.0000	0.7857	1.0000	1.0000	18.0000	13.0000	33.0000	42.0000	1.0000
high_conf_fp	S1-460037388	S2-214475186	0.9977	0	0.0000	0.0092	1.0000	0.0000	0.0000	0.0000	1.0000	1.0000	0.0100	1.0000	0.0000	1.0000	1.0000	1.0000	16.0000	16.0000	29.0000	29.0000	0.0000
high_conf_fp	S1-777151200	S2-721882715	0.9977	0	0.0000	0.0093	0.8462	1.0000	1.0000	1.0000	0.9524	0.0000	0.0072	0.8750	1.0000	0.9643	1.0000	1.0000	20.0000	21.0000	28.0000	27.0000	0.0000
high_conf_fp	S1-410276421	S3-869527970	0.9977	0	0.0000	0.0095	0.9167	1.0000	0.0000	0.0000	1.0000	0.0000	0.0091	0.8889	3.0000	0.9000	1.0000	1.0000	20.0000	20.0000	27.0000	30.0000	1.0000
high_conf_fp	S1-44711885	S2-502173713	0.9977	0	1.0000	0.0100	1.0000	1.0000	1.0000	0.0000	1.0000	0.0000	0.0070	0.7619	3.0000	0.9118	1.0000	1.0000	18.0000	18.0000	31.0000	34.0000	0.0000
high_conf_fp	S1-771596051	S3-893262630	0.9977	0	0.0000	0.0096	0.8571	1.0000	1.0000	4.0000	0.7778	0.0000	0.0077	0.8519	5.0000	0.9123	0.0000	1.0000	14.0000	18.0000	52.0000	57.0000	1.0000
high_conf_fp	S1-358185372	S2-790248111	0.9977	0	0.0000	0.0095	0.7692	1.0000	0.0000	0.0000	1.0000	0.0000	0.0098	1.0000	4.0000	0.8857	1.0000	1.0000	16.0000	16.0000	35.0000	31.0000	0.0000
high_conf_fp	S1-299492821	S2-693295765	0.9977	0	0.0000	0.0087	0.8333	1.0000	1.0000	7.0000	0.7586	0.0000	0.0094	0.9444	3.0000	0.9062	1.0000	1.0000	29.0000	22.0000	32.0000	29.0000	0.0000
high_conf_fp	S1-55147331	S2-197545468	0.9976	0	0.0000	0.0088	0.8824	1.0000	1.0000	1.0000	0.9688	0.0000	0.0090	0.8889	2.0000	0.9286	1.0000	1.0000	31.0000	32.0000	28.0000	26.0000	0.0000
high_conf_fp	S1-565406556	S3-259543066	0.9976	0	1.0000	0.0100	1.0000	1.0000	1.0000	0.0000	1.0000	0.0000	0.0068	0.8095	7.0000	0.8444	1.0000	1.0000	23.0000	23.0000	38.0000	45.0000	1.0000
high_conf_fp	S1-828022529	S2-639024056	0.9976	0	0.0000	0.0094	0.8571	1.0000	1.0000	8.0000	0.6800	0.0000	0.0078	0.9375	0.0000	1.0000	1.0000	1.0000	17.0000	25.0000	28.0000	28.0000	0.0000
high_conf_fp	S1-595261288	S2-716534368	0.9976	0	0.0000	0.0093	0.8333	1.0000	0.0000	6.0000	0.8065	0.0000	0.0074	1.0000	0.0000	1.0000	1.0000	1.0000	31.0000	25.0000	47.0000	47.0000	0.0000
high_conf_fp	S1-927613674	S3-638823518	0.9976	0	0.0000	0.0098	1.0000	1.0000	1.0000	4.0000	0.9070	0.0000	0.0064	0.7000	47.0000	0.4337	1.0000	1.0000	39.0000	43.0000	83.0000	36.0000	1.0000
high_conf_fp	S1-68683906	S2-360749809	0.9976	0	0.0000	0.0092	0.7692	1.0000	1.0000	9.0000	0.5909	0.0000	0.0092	0.9091	3.0000	0.9000	1.0000	1.0000	13.0000	22.0000	30.0000	27.0000	0.0000
high_conf_fp	S1-915086679	S2-809757189	0.9976	0	0.0000	0.0083	0.9286	0.0000	0.0000	5.0000	0.7917	1.0000	0.0100	1.0000	0.0000	1.0000	1.0000	1.0000	24.0000	19.0000	79.0000	79.0000	0.0000
high_conf_fp	S1-150138323	S2-199526052	0.9976	0	0.0000	0.0089	0.6000	1.0000	0.0000	12.0000	0.5556	1.0000	0.0100	1.0000	0.0000	1.0000	1.0000	1.0000	15.0000	27.0000	31.0000	31.0000	0.0000
high_conf_fp	S1-313675465	S2-166364502	0.9976	0	0.0000	0.0092	0.6923	1.0000	1.0000	8.0000	0.6000	0.0000	0.0095	0.8889	5.0000	0.8571	1.0000	1.0000	12.0000	20.0000	35.0000	30.0000	0.0000
high_conf_fp	S1-226839301	S2-855070377	0.9976	0	0.0000	0.0094	0.9500	1.0000	1.0000	0.0000	1.0000	0.0000	0.0076	0.9615	14.0000	0.8526	1.0000	1.0000	38.0000	38.0000	95.0000	81.0000	0.0000
high_conf_fp	S1-407856804	S2-153376921	0.9976	0	0.0000	0.0091	0.7778	1.0000	1.0000	9.0000	0.5500	0.0000	0.0070	1.0000	10.0000	0.7778	1.0000	1.0000	11.0000	20.0000	45.0000	35.0000	0.0000
high_conf_fp	S1-272984398	S2-620982687	0.9976	0	0.0000	0.0097	0.9375	1.0000	1.0000	3.0000	0.9032	0.0000	0.0074	0.7576	11.0000	0.9113	1.0000	1.0000	28.0000	31.0000	124.0000	113.0000	0.0000
high_conf_fp	S1-308201928	S2-346458191	0.9976	0	0.0000	0.0088	0.6667	1.0000	0.0000	5.0000	0.6875	1.0000	0.0100	1.0000	0.0000	1.0000	1.0000	1.0000	16.0000	11.0000	33.0000	33.0000	0.0000
high_conf_fp	S1-488606843	S2-994008743	0.9976	0	0.0000	0.0093	0.7500	1.0000	1.0000	2.0000	0.8333	0.0000	0.0093	0.9200	3.0000	0.9412	1.0000	1.0000	12.0000	10.0000	51.0000	48.0000	0.0000
high_conf_fp	S1-943545563	S3-204821942	0.9976	0	0.0000	0.0096	0.9375	1.0000	1.0000	4.0000	0.8857	0.0000	0.0080	0.9655	1.0000	0.9901	1.0000	1.0000	31.0000	35.0000	100.0000	101.0000	1.0000
high_conf_fp	S1-529401700	S2-897434376	0.9976	0	0.0000	0.0095	0.8333	1.0000	1.0000	5.0000	0.7500	0.0000	0.0078	0.8421	3.0000	0.9143	1.0000	1.0000	15.0000	20.0000	35.0000	32.0000	0.0000
high_conf_fp	S1-252928501	S3-625318522	0.9975	0	0.0000	0.0095	0.8000	1.0000	0.0000	0.0000	1.0000	0.0000	0.0075	0.8261	1.0000	0.9767	1.0000	1.0000	23.0000	23.0000	42.0000	43.0000	1.0000
high_conf_fp	S1-119303616	S3-975892286	0.9975	0	0.0000	0.0097	0.8824	1.0000	1.0000	5.0000	0.8333	0.0000	0.0094	0.7857	10.0000	0.8000	1.0000	1.0000	25.0000	30.0000	40.0000	50.0000	1.0000
high_conf_fp	S1-175960185	S2-451345968	0.9975	0	0.0000	0.0094	0.9000	1.0000	1.0000	4.0000	0.7143	0.0000	0.0076	0.7917	18.0000	0.7391	1.0000	1.0000	10.0000	14.0000	69.0000	51.0000	0.0000
high_conf_fp	S1-482729488	S3-202411541	0.9975	0	0.0000	0.0090	0.7143	1.0000	1.0000	1.0000	0.9474	0.0000	0.0096	0.9545	7.0000	0.8654	1.0000	1.0000	19.0000	18.0000	45.0000	52.0000	1.0000
high_conf_fp	S1-774767942	S3-857332098	0.9975	0	0.0000	0.0092	0.8125	1.0000	1.0000	0.0000	1.0000	0.0000	0.0095	0.9130	10.0000	0.8148	1.0000	1.0000	22.0000	22.0000	44.0000	54.0000	1.0000
high_conf_fp	S1-319779995	S3-180179628	0.9975	0	0.0000	0.0092	1.0000	1.0000	1.0000	7.0000	0.7407	0.0000	0.0092	0.8182	12.0000	0.7692	1.0000	1.0000	20.0000	27.0000	40.0000	52.0000	1.0000
high_conf_fp	S1-315276078	S3-386690186	0.9975	0	0.0000	0.0090	0.6875	1.0000	1.0000	9.0000	0.6897	0.0000	0.0093	0.9000	1.0000	0.9655	1.0000	1.0000	29.0000	20.0000	28.0000	29.0000	1.0000
high_conf_fp	S1-827426211	S2-222188173	0.9975	0	0.0000	0.0092	0.6875	1.0000	1.0000	2.0000	0.9091	0.0000	0.0076	0.9545	0.0000	1.0000	1.0000	1.0000	20.0000	22.0000	35.0000	35.0000	0.0000
high_conf_fp	S1-545750994	S2-205694922	0.9975	0	0.0000	0.0093	0.9231	1.0000	0.0000	0.0000	1.0000	0.0000	0.0078	1.0000	0.0000	1.0000	1.0000	1.0000	23.0000	23.0000	54.0000	54.0000	0.0000
high_conf_fp	S1-766774217	S3-588864898	0.9975	0	0.0000	0.0089	0.8182	1.0000	1.0000	2.0000	0.9394	0.0000	0.0094	0.9048	3.0000	0.9032	1.0000	1.0000	31.0000	33.0000	28.0000	31.0000	1.0000
high_conf_fp	S1-54141638	S2-37908605	0.9975	0	0.0000	0.0094	0.7647	1.0000	0.0000	1.0000	0.9545	0.0000	0.0094	0.9000	6.0000	0.8537	1.0000	1.0000	21.0000	22.0000	41.0000	35.0000	0.0000
high_conf_fp	S1-82543670	S3-580617541	0.9975	0	0.0000	0.0092	0.7692	1.0000	0.0000	0.0000	1.0000	0.0000	0.0091	0.9583	4.0000	0.9167	1.0000	1.0000	21.0000	21.0000	44.0000	48.0000	1.0000
high_conf_fp	S1-90188629	S2-259201865	0.9974	0	0.0000	0.0084	0.4667	1.0000	0.0000	7.0000	0.6667	1.0000	0.0100	1.0000	0.0000	1.0000	1.0000	1.0000	21.0000	14.0000	67.0000	67.0000	0.0000
high_conf_fp	S1-913027396	S3-913214856	0.9974	0	0.0000	0.0094	0.7143	1.0000	1.0000	2.0000	0.9000	0.0000	0.0075	0.8421	5.0000	0.8649	1.0000	1.0000	18.0000	20.0000	32.0000	37.0000	1.0000
high_conf_fp	S1-475109897	S3-586584392	0.9974	0	0.0000	0.0092	0.7500	1.0000	0.0000	0.0000	1.0000	0.0000	0.0095	1.0000	2.0000	0.9310	1.0000	1.0000	19.0000	19.0000	29.0000	27.0000	1.0000
high_conf_fp	S1-663417511	S2-591875762	0.9974	0	0.0000	0.0096	0.8824	1.0000	1.0000	4.0000	0.8974	0.0000	0.0068	0.9048	9.0000	0.8085	1.0000	1.0000	35.0000	39.0000	47.0000	38.0000	0.0000
high_conf_fp	S1-608515043	S3-913561936	0.9974	0	0.0000	0.0094	1.0000	1.0000	1.0000	10.0000	0.6875	0.0000	0.0093	0.7895	2.0000	0.9375	1.0000	1.0000	22.0000	32.0000	30.0000	32.0000	1.0000
high_conf_fp	S1-801763397	S3-233940068	0.9974	0	0.0000	0.0083	0.5000	1.0000	1.0000	1.0000	0.9231	0.0000	0.0089	0.8636	42.0000	0.4545	1.0000	1.0000	12.0000	13.0000	77.0000	35.0000	1.0000
high_conf_fp	S1-806037970	S2-594848082	0.9974	0	0.0000	0.0097	0.9565	1.0000	1.0000	8.0000	0.8596	0.0000	0.0088	0.9200	11.0000	0.8625	1.0000	1.0000	49.0000	57.0000	80.0000	69.0000	0.0000
high_conf_fp	S1-264930286	S3-102395936	0.9973	0	1.0000	0.0100	1.0000	1.0000	1.0000	0.0000	1.0000	0.0000	0.0083	0.6522	12.0000	0.7000	1.0000	1.0000	17.0000	17.0000	40.0000	28.0000	1.0000
high_conf_fp	S1-124038896	S3-117818781	0.9973	0	0.0000	0.0091	0.7500	1.0000	0.0000	2.0000	0.8947	0.0000	0.0092	1.0000	6.0000	0.8537	1.0000	1.0000	17.0000	19.0000	35.0000	41.0000	1.0000
high_conf_fp	S1-528970755	S3-866959814	0.9973	0	0.0000	0.0089	0.8333	1.0000	0.0000	8.0000	0.6522	0.0000	0.0093	0.7692	6.0000	0.8696	1.0000	1.0000	23.0000	15.0000	40.0000	46.0000	1.0000
high_conf_fp	S1-735107090	S2-148362779	0.9973	0	0.0000	0.0089	0.6667	1.0000	0.0000	3.0000	0.8636	0.0000	0.0094	1.0000	3.0000	0.9091	1.0000	1.0000	22.0000	19.0000	33.0000	30.0000	0.0000
high_conf_fp	S1-205498125	S2-90969378	0.9973	0	0.0000	0.0093	0.8235	1.0000	1.0000	2.0000	0.9167	0.0000	0.0092	0.8400	6.0000	0.8421	1.0000	1.0000	22.0000	24.0000	38.0000	32.0000	0.0000
high_conf_fp	S1-773326136	S2-110049379	0.9973	0	0.0000	0.0093	0.7500	1.0000	1.0000	3.0000	0.9091	0.0000	0.0091	0.9474	4.0000	0.9000	1.0000	1.0000	30.0000	33.0000	36.0000	40.0000	0.0000
high_conf_fp	S1-865789530	S2-791396672	0.9973	0	0.0000	0.0090	0.8667	1.0000	0.0000	6.0000	0.7391	0.0000	0.0099	0.9444	1.0000	0.9714	1.0000	1.0000	23.0000	17.0000	34.0000	35.0000	0.0000
high_conf_fp	S1-938440210	S2-20728914	0.9973	0	0.0000	0.0093	0.9286	1.0000	0.0000	0.0000	1.0000	1.0000	0.0100	1.0000	0.0000	1.0000	1.0000	1.0000	19.0000	19.0000	36.0000	36.0000	0.0000
high_conf_fp	S1-608229048	S3-778189794	0.9973	0	0.0000	0.0097	0.8462	1.0000	1.0000	4.0000	0.8261	0.0000	0.0085	0.7600	6.0000	0.9032	1.0000	1.0000	19.0000	23.0000	62.0000	56.0000	1.0000
high_conf_fp	S1-636685202	S3-954904030	0.9973	0	0.0000	0.0095	1.0000	1.0000	1.0000	7.0000	0.7667	0.0000	0.0088	0.8182	10.0000	0.7619	1.0000	1.0000	23.0000	30.0000	32.0000	42.0000	1.0000
high_conf_fp	S1-131851220	S2-468891136	0.9973	0	0.0000	0.0095	0.7857	1.0000	0.0000	0.0000	1.0000	0.0000	0.0096	0.8947	3.0000	0.9211	1.0000	1.0000	20.0000	20.0000	35.0000	38.0000	0.0000
high_conf_fp	S1-899770897	S3-117386331	0.9973	0	0.0000	0.0090	0.8667	1.0000	1.0000	1.0000	0.9667	0.0000	0.0094	1.0000	9.0000	0.8333	1.0000	1.0000	30.0000	29.0000	54.0000	45.0000	1.0000
high_conf_fp	S1-145737939	S2-482599425	0.9973	0	0.0000	0.0090	0.8333	1.0000	1.0000	1.0000	0.9630	0.0000	0.0088	0.9474	17.0000	0.6731	1.0000	1.0000	27.0000	26.0000	52.0000	35.0000	0.0000
high_conf_fp	S1-318222056	S2-196160303	0.9973	0	0.0000	0.0094	0.8667	0.0000	0.0000	3.0000	0.8571	1.0000	0.0100	1.0000	0.0000	1.0000	1.0000	1.0000	21.0000	18.0000	39.0000	39.0000	0.0000
high_conf_fp	S1-191829738	S3-7075711	0.9973	0	0.0000	0.0089	0.4615	1.0000	1.0000	8.0000	0.4667	0.0000	0.0047	0.7826	4.0000	0.8710	1.0000	1.0000	7.0000	15.0000	27.0000	31.0000	1.0000
high_conf_fp	S1-311040477	S2-605931469	0.9973	0	0.0000	0.0096	0.8750	1.0000	1.0000	0.0000	1.0000	0.0000	0.0093	0.7576	2.0000	0.9750	1.0000	1.0000	33.0000	33.0000	80.0000	78.0000	0.0000
high_conf_fp	S1-839526467	S2-258545326	0.9973	0	0.0000	0.0089	0.6667	1.0000	1.0000	0.0000	1.0000	0.0000	0.0092	0.9091	10.0000	0.7778	1.0000	1.0000	14.0000	14.0000	45.0000	35.0000	0.0000
high_conf_fp	S1-194925118	S3-122969329	0.9972	0	0.0000	0.0090	0.7647	1.0000	1.0000	1.0000	0.9615	0.0000	0.0095	0.9048	6.0000	0.8537	1.0000	1.0000	26.0000	25.0000	35.0000	41.0000	1.0000
high_conf_fp	S1-704468780	S3-769247654	0.9972	0	0.0000	0.0090	0.9091	1.0000	1.0000	0.0000	1.0000	0.0000	0.0093	0.7391	11.0000	0.7609	1.0000	1.0000	15.0000	15.0000	35.0000	46.0000	1.0000
high_conf_fp	S1-441243570	S3-511941918	0.9972	0	0.0000	0.0095	1.0000	1.0000	1.0000	0.0000	1.0000	0.0000	0.0072	0.7500	2.0000	0.9759	1.0000	1.0000	29.0000	29.0000	83.0000	81.0000	1.0000
high_conf_fp	S1-473995269	S2-616878767	0.9972	0	0.0000	0.0093	0.7333	1.0000	0.0000	0.0000	1.0000	1.0000	0.0100	1.0000	0.0000	1.0000	1.0000	1.0000	14.0000	14.0000	42.0000	42.0000	0.0000
high_conf_fp	S1-117828722	S3-359575850	0.9972	0	0.0000	0.0092	0.7895	1.0000	1.0000	18.0000	0.5814	0.0000	0.0096	0.9048	6.0000	0.8667	1.0000	1.0000	25.0000	43.0000	39.0000	45.0000	1.0000
high_conf_fp	S1-220845823	S3-823447248	0.9972	0	0.0000	0.0071	0.6316	0.0000	0.0000	17.0000	0.6136	1.0000	0.0100	1.0000	0.0000	1.0000	1.0000	1.0000	27.0000	44.0000	63.0000	63.0000	1.0000
high_conf_fp	S1-285039040	S3-357721678	0.9972	0	1.0000	0.0100	1.0000	1.0000	1.0000	0.0000	1.0000	0.0000	0.0071	0.7586	4.0000	0.9437	1.0000	1.0000	32.0000	32.0000	71.0000	67.0000	1.0000
high_conf_fp	S1-155339331	S2-789711208	0.9972	0	0.0000	0.0091	0.5882	1.0000	0.0000	9.0000	0.6250	0.0000	0.0096	1.0000	2.0000	0.9512	1.0000	1.0000	15.0000	24.0000	41.0000	39.0000	0.0000
high_conf_fp	S1-870772558	S2-101607646	0.9972	0	0.0000	0.0087	0.7500	1.0000	1.0000	1.0000	0.9677	1.0000	0.0100	1.0000	0.0000	1.0000	1.0000	1.0000	31.0000	30.0000	81.0000	81.0000	0.0000
high_conf_fp	S1-392457753	S3-556153482	0.9972	0	0.0000	0.0094	0.7143	1.0000	1.0000	5.0000	0.7917	0.0000	0.0089	0.8947	2.0000	0.9535	1.0000	1.0000	19.0000	24.0000	43.0000	41.0000	1.0000
high_conf_fp	S1-647553618	S2-199769210	0.9972	0	0.0000	0.0081	0.7500	0.0000	0.0000	4.0000	0.7500	1.0000	0.0100	1.0000	0.0000	1.0000	1.0000	1.0000	16.0000	12.0000	77.0000	77.0000	0.0000
high_conf_fp	S1-153670041	S2-167362018	0.9972	0	0.0000	0.0098	0.8462	1.0000	1.0000	3.0000	0.8889	0.0000	0.0086	0.5455	3.0000	0.9000	1.0000	1.0000	27.0000	24.0000	30.0000	27.0000	0.0000
high_conf_fp	S1-818096797	S2-541942756	0.9972	0	0.0000	0.0083	1.0000	0.0000	0.0000	1.0000	0.9677	1.0000	0.0100	1.0000	0.0000	1.0000	1.0000	1.0000	30.0000	31.0000	54.0000	54.0000	0.0000
high_conf_fp	S1-120162084	S3-671666636	0.9972	0	0.0000	0.0098	0.9412	1.0000	1.0000	4.0000	0.8788	0.0000	0.0072	0.7143	0.0000	1.0000	1.0000	1.0000	33.0000	29.0000	71.0000	71.0000	1.0000
high_conf_fp	S1-955597564	S2-553895822	0.9971	0	0.0000	0.0097	1.0000	1.0000	1.0000	0.0000	1.0000	0.0000	0.0080	0.7895	2.0000	0.9333	1.0000	1.0000	26.0000	26.0000	30.0000	28.0000	0.0000
high_conf_fp	S1-157818510	S2-515653629	0.9971	0	0.0000	0.0089	0.7778	1.0000	0.0000	3.0000	0.8846	0.0000	0.0097	0.9412	2.0000	0.9375	1.0000	1.0000	23.0000	26.0000	32.0000	30.0000	0.0000
high_conf_fp	S1-658171719	S3-537638382	0.9971	0	0.0000	0.0093	0.7692	1.0000	0.0000	1.0000	0.9412	0.0000	0.0079	0.9565	1.0000	0.9783	1.0000	1.0000	16.0000	17.0000	46.0000	45.0000	1.0000
high_conf_fp	S1-974303308	S3-795614726	0.9971	0	0.0000	0.0095	0.8667	1.0000	0.0000	1.0000	0.9524	0.0000	0.0091	0.9130	12.0000	0.7551	1.0000	1.0000	21.0000	20.0000	37.0000	49.0000	1.0000
high_conf_fp	S1-24072158	S2-24716881	0.9971	0	0.0000	0.0097	0.9474	1.0000	1.0000	6.0000	0.8537	0.0000	0.0090	0.8421	4.0000	0.8621	1.0000	1.0000	35.0000	41.0000	29.0000	25.0000	0.0000
high_conf_fp	S1-226525371	S2-602201974	0.9971	0	0.0000	0.0090	0.9231	1.0000	1.0000	2.0000	0.9130	0.0000	0.0092	0.8750	11.0000	0.7500	1.0000	1.0000	21.0000	23.0000	44.0000	33.0000	0.0000
high_conf_fp	S1-500826572	S2-586271195	0.9971	0	0.0000	0.0094	0.8462	0.0000	0.0000	1.0000	0.9565	1.0000	0.0100	1.0000	0.0000	1.0000	1.0000	1.0000	23.0000	22.0000	29.0000	29.0000	0.0000
high_conf_fp	S1-206238810	S2-180016771	0.9971	0	0.0000	0.0096	0.8571	1.0000	1.0000	6.0000	0.7931	0.0000	0.0069	0.9500	0.0000	1.0000	1.0000	1.0000	23.0000	29.0000	28.0000	28.0000	0.0000
high_conf_fp	S1-983560217	S3-956007147	0.9971	0	0.0000	0.0094	0.7692	1.0000	0.0000	1.0000	0.9412	0.0000	0.0092	0.8571	7.0000	0.8444	1.0000	1.0000	16.0000	17.0000	38.0000	45.0000	1.0000
high_conf_fp	S1-957522117	S3-759656179	0.9971	0	0.0000	0.0093	0.6875	1.0000	1.0000	8.0000	0.6522	0.0000	0.0095	0.9524	9.0000	0.8163	1.0000	1.0000	15.0000	23.0000	49.0000	40.0000	1.0000
high_conf_fp	S1-389637217	S3-515079903	0.9971	0	0.0000	0.0094	0.8333	1.0000	0.0000	1.0000	0.9412	0.0000	0.0097	0.9500	6.0000	0.8378	1.0000	1.0000	16.0000	17.0000	31.0000	37.0000	1.0000
high_conf_fp	S1-54436002	S2-692773764	0.9971	0	0.0000	0.0095	0.7857	1.0000	0.0000	0.0000	1.0000	1.0000	0.0100	1.0000	0.0000	1.0000	1.0000	1.0000	18.0000	18.0000	32.0000	32.0000	0.0000
high_conf_fp	S1-636094576	S2-1812737	0.9971	0	0.0000	0.0092	0.8333	1.0000	0.0000	1.0000	0.9565	0.0000	0.0066	1.0000	3.0000	0.9062	1.0000	1.0000	22.0000	23.0000	32.0000	29.0000	0.0000
high_conf_fp	S1-24446208	S3-252391511	0.9971	0	0.0000	0.0076	0.6923	0.0000	0.0000	1.0000	0.9333	1.0000	0.0100	1.0000	0.0000	1.0000	1.0000	1.0000	15.0000	14.0000	117.0000	117.0000	1.0000
high_conf_fp	S1-622802949	S2-310544081	0.9971	0	0.0000	0.0083	0.5833	1.0000	1.0000	5.0000	0.6667	0.0000	0.0098	0.9444	1.0000	0.9730	1.0000	1.0000	10.0000	15.0000	36.0000	37.0000	0.0000
high_conf_fp	S1-874618122	S3-792270962	0.9970	0	0.0000	0.0088	0.7500	1.0000	0.0000	4.0000	0.7333	0.0000	0.0094	0.9474	0.0000	1.0000	1.0000	1.0000	15.0000	11.0000	30.0000	30.0000	1.0000
high_conf_fp	S1-923423264	S2-889961060	0.9970	0	0.0000	0.0089	0.7647	1.0000	1.0000	5.0000	0.8611	0.0000	0.0091	0.9412	1.0000	0.9697	1.0000	1.0000	36.0000	31.0000	33.0000	32.0000	0.0000
high_conf_fp	S1-655275403	S2-312932339	0.9970	0	0.0000	0.0087	0.4286	1.0000	1.0000	11.0000	0.4762	0.0000	0.0079	1.0000	0.0000	1.0000	1.0000	1.0000	10.0000	21.0000	25.0000	25.0000	0.0000
high_conf_fp	S1-614802124	S2-385356004	0.9970	0	0.0000	0.0094	0.7500	1.0000	1.0000	6.0000	0.7000	0.0000	0.0092	1.0000	0.0000	1.0000	1.0000	1.0000	14.0000	20.0000	46.0000	46.0000	0.0000
high_conf_fp	S1-442072668	S2-930119212	0.9970	0	0.0000	0.0096	0.9000	1.0000	0.0000	0.0000	1.0000	0.0000	0.0075	1.0000	11.0000	0.8472	1.0000	1.0000	38.0000	38.0000	72.0000	61.0000	0.0000
high_conf_fp	S1-622138561	S2-921705024	0.9970	0	0.0000	0.0095	0.8182	1.0000	1.0000	0.0000	1.0000	0.0000	0.0097	0.8621	11.0000	0.9018	1.0000	1.0000	17.0000	17.0000	112.0000	101.0000	0.0000
high_conf_fp	S1-290854174	S2-413867695	0.9969	0	0.0000	0.0089	0.6000	1.0000	0.0000	1.0000	0.9412	0.0000	0.0092	1.0000	5.0000	0.8649	1.0000	1.0000	17.0000	16.0000	37.0000	32.0000	0.0000
high_conf_fp	S1-921349935	S2-295146035	0.9969	0	0.0000	0.0091	1.0000	1.0000	1.0000	0.0000	1.0000	0.0000	0.0091	0.7308	11.0000	0.7885	1.0000	1.0000	34.0000	34.0000	52.0000	41.0000	0.0000
high_conf_fp	S1-635336719	S3-854871816	0.9969	0	0.0000	0.0095	0.8571	1.0000	1.0000	6.0000	0.7692	0.0000	0.0092	0.9048	9.0000	0.7907	1.0000	1.0000	20.0000	26.0000	34.0000	43.0000	1.0000
high_conf_fp	S1-955300618	S2-694956162	0.9969	0	0.0000	0.0083	0.5000	1.0000	1.0000	1.0000	0.9444	0.0000	0.0081	1.0000	4.0000	0.8919	1.0000	1.0000	17.0000	18.0000	37.0000	33.0000	0.0000
high_conf_fp	S1-220066289	S3-962119023	0.9969	0	0.0000	0.0096	0.8235	1.0000	1.0000	6.0000	0.7857	0.0000	0.0088	0.8500	8.0000	0.7647	1.0000	1.0000	22.0000	28.0000	26.0000	34.0000	1.0000
high_conf_fp	S1-768150421	S3-454119266	0.9969	0	0.0000	0.0098	0.9231	1.0000	0.0000	0.0000	1.0000	0.0000	0.0091	0.8421	2.0000	0.9375	1.0000	1.0000	18.0000	18.0000	30.0000	32.0000	1.0000
high_conf_fp	S1-537804023	S2-391854838	0.9969	0	0.0000	0.0093	0.9286	1.0000	1.0000	1.0000	0.9655	0.0000	0.0095	0.8182	3.0000	0.9167	1.0000	1.0000	29.0000	28.0000	33.0000	36.0000	0.0000
high_conf_fp	S1-589222541	S2-996334592	0.9969	0	0.0000	0.0090	0.7857	1.0000	0.0000	4.0000	0.8095	0.0000	0.0099	0.9524	1.0000	0.9714	1.0000	1.0000	21.0000	17.0000	35.0000	34.0000	0.0000
high_conf_fp	S1-198301174	S2-405654436	0.9969	0	0.0000	0.0090	0.8000	1.0000	1.0000	4.0000	0.8333	0.0000	0.0093	0.8889	4.0000	0.8571	1.0000	1.0000	20.0000	24.0000	28.0000	24.0000	0.0000
high_conf_fp	S1-679841944	S3-792641788	0.9969	0	0.0000	0.0096	0.9444	1.0000	1.0000	5.0000	0.8718	0.0000	0.0093	0.7619	7.0000	0.8108	1.0000	1.0000	34.0000	39.0000	30.0000	37.0000	1.0000
high_conf_fp	S1-133002141	S3-41684788	0.9969	0	1.0000	0.0100	1.0000	1.0000	1.0000	0.0000	1.0000	0.0000	0.0061	0.8095	5.0000	0.8649	1.0000	1.0000	19.0000	19.0000	32.0000	37.0000	1.0000
high_conf_fp	S1-829714213	S3-2135158	0.9969	0	0.0000	0.0092	0.6429	1.0000	0.0000	0.0000	1.0000	0.0000	0.0090	0.8500	9.0000	0.7907	1.0000	1.0000	19.0000	19.0000	43.0000	34.0000	1.0000
high_conf_fp	S1-595693615	S2-371101338	0.9969	0	0.0000	0.0098	0.8667	1.0000	0.0000	0.0000	1.0000	1.0000	0.0100	1.0000	0.0000	1.0000	1.0000	1.0000	19.0000	19.0000	69.0000	69.0000	0.0000
high_conf_fp	S1-644669911	S3-912690070	0.9969	0	1.0000	0.0100	1.0000	1.0000	1.0000	0.0000	1.0000	0.0000	0.0069	0.7500	1.0000	0.9851	1.0000	1.0000	17.0000	17.0000	67.0000	66.0000	1.0000
high_conf_fp	S1-311702194	S2-899253142	0.9969	0	0.0000	0.0095	0.8750	0.0000	0.0000	3.0000	0.8846	1.0000	0.0100	1.0000	0.0000	1.0000	0.0000	1.0000	26.0000	23.0000	56.0000	56.0000	0.0000
high_conf_fp	S1-53585580	S3-951310736	0.9968	0	0.0000	0.0097	0.9375	1.0000	0.0000	0.0000	1.0000	0.0000	0.0087	0.8462	27.0000	0.6143	1.0000	1.0000	30.0000	30.0000	70.0000	43.0000	1.0000
high_conf_fp	S1-365560980	S2-973999986	0.9968	0	0.0000	0.0083	0.9444	0.0000	0.0000	1.0000	0.9744	1.0000	0.0100	1.0000	0.0000	1.0000	1.0000	1.0000	38.0000	39.0000	34.0000	34.0000	0.0000
high_conf_fp	S1-214616368	S3-707435639	0.9968	0	0.0000	0.0085	0.5294	1.0000	1.0000	9.0000	0.6250	0.0000	0.0095	0.9474	9.0000	0.7353	1.0000	1.0000	24.0000	15.0000	25.0000	34.0000	1.0000
high_conf_fp	S1-417218969	S2-717034535	0.9968	0	0.0000	0.0093	0.8000	1.0000	0.0000	3.0000	0.8636	1.0000	0.0100	1.0000	0.0000	1.0000	1.0000	1.0000	19.0000	22.0000	33.0000	33.0000	0.0000
high_conf_fp	S1-256372854	S3-573164683	0.9968	0	0.0000	0.0093	0.9231	1.0000	1.0000	4.0000	0.8095	0.0000	0.0095	1.0000	8.0000	0.8974	1.0000	1.0000	17.0000	21.0000	78.0000	70.0000	1.0000
high_conf_fp	S1-666045759	S2-805082066	0.9968	0	0.0000	0.0095	0.8667	1.0000	1.0000	4.0000	0.8095	0.0000	0.0075	0.8108	2.0000	0.9836	1.0000	1.0000	17.0000	21.0000	120.0000	122.0000	0.0000
high_conf_fp	S1-847100172	S3-467224965	0.9968	0	0.0000	0.0092	0.9375	1.0000	1.0000	0.0000	1.0000	0.0000	0.0088	0.9643	9.0000	0.8816	1.0000	1.0000	25.0000	25.0000	76.0000	67.0000	1.0000
high_conf_fp	S1-675711610	S2-429518297	0.9968	0	0.0000	0.0094	0.8750	1.0000	1.0000	9.0000	0.6897	0.0000	0.0094	0.8824	3.0000	0.9032	1.0000	1.0000	20.0000	29.0000	31.0000	28.0000	0.0000
high_conf_fp	S1-980997526	S3-868465021	0.9968	0	0.0000	0.0096	1.0000	1.0000	1.0000	6.0000	0.8235	0.0000	0.0087	0.7917	14.0000	0.7255	1.0000	1.0000	28.0000	34.0000	37.0000	51.0000	1.0000
high_conf_fp	S1-637745291	S2-48103303	0.9968	0	0.0000	0.0087	0.7692	1.0000	0.0000	12.0000	0.5714	0.0000	0.0094	1.0000	0.0000	1.0000	1.0000	1.0000	28.0000	16.0000	48.0000	48.0000	0.0000
high_conf_fp	S1-948949998	S3-307411389	0.9968	0	0.0000	0.0092	0.7059	1.0000	1.0000	13.0000	0.6061	0.0000	0.0090	0.8261	3.0000	0.9062	1.0000	1.0000	20.0000	33.0000	29.0000	32.0000	1.0000
high_conf_fp	S1-199325077	S3-332961961	0.9968	0	0.0000	0.0097	0.9375	1.0000	1.0000	4.0000	0.8462	0.0000	0.0070	0.7727	20.0000	0.6552	1.0000	1.0000	26.0000	22.0000	58.0000	38.0000	1.0000
high_conf_fp	S1-124732303	S3-915201174	0.9967	0	0.0000	0.0090	0.6875	1.0000	1.0000	4.0000	0.8462	0.0000	0.0096	0.7778	4.0000	0.8462	1.0000	1.0000	22.0000	26.0000	22.0000	26.0000	1.0000
high_conf_fp	S1-947600316	S3-300536656	0.9967	0	0.0000	0.0086	0.8000	1.0000	1.0000	9.0000	0.7750	0.0000	0.0064	0.6970	47.0000	0.6116	1.0000	1.0000	31.0000	40.0000	74.0000	121.0000	1.0000
high_conf_fp	S1-775531853	S2-114523689	0.9967	0	0.0000	0.0080	0.9091	0.0000	0.0000	0.0000	1.0000	1.0000	0.0100	1.0000	0.0000	1.0000	1.0000	1.0000	18.0000	18.0000	27.0000	27.0000	0.0000
high_conf_fp	S1-483182505	S2-84500477	0.9967	0	0.0000	0.0095	0.8947	1.0000	1.0000	4.0000	0.8889	0.0000	0.0092	0.7500	1.0000	0.9667	1.0000	1.0000	32.0000	36.0000	30.0000	29.0000	0.0000
high_conf_fp	S1-17782085	S2-441460133	0.9967	0	0.0000	0.0092	0.8571	1.0000	0.0000	2.0000	0.9091	0.0000	0.0092	0.8947	10.0000	0.7436	1.0000	1.0000	22.0000	20.0000	39.0000	29.0000	0.0000
high_conf_fp	S1-269185079	S3-471250623	0.9967	0	0.0000	0.0098	0.9286	1.0000	1.0000	0.0000	1.0000	0.0000	0.0063	0.8929	7.0000	0.8750	1.0000	1.0000	32.0000	32.0000	49.0000	56.0000	1.0000
high_conf_fp	S1-573552142	S3-170006970	0.9967	0	0.0000	0.0093	0.8182	1.0000	1.0000	0.0000	1.0000	0.0000	0.0095	0.8621	10.0000	0.8333	1.0000	1.0000	12.0000	12.0000	60.0000	50.0000	1.0000
high_conf_fp	S1-157282091	S2-650247517	0.9967	0	0.0000	0.0098	0.9091	1.0000	0.0000	0.0000	1.0000	0.0000	0.0089	0.7857	8.0000	0.8333	1.0000	1.0000	18.0000	18.0000	48.0000	40.0000	0.0000
high_conf_fp	S1-594952123	S2-584388913	0.9967	0	0.0000	0.0091	0.8667	1.0000	0.0000	0.0000	1.0000	0.0000	0.0096	1.0000	14.0000	0.8409	1.0000	1.0000	24.0000	24.0000	88.0000	74.0000	0.0000
high_conf_fp	S1-681470544	S3-174539916	0.9967	0	0.0000	0.0090	0.6667	1.0000	1.0000	9.0000	0.5000	0.0000	0.0092	0.8636	8.0000	0.8222	1.0000	1.0000	9.0000	18.0000	37.0000	45.0000	1.0000
high_conf_fp	S1-947214678	S2-474374091	0.9967	0	0.0000	0.0085	0.9286	1.0000	0.0000	11.0000	0.6452	0.0000	0.0080	1.0000	0.0000	1.0000	1.0000	1.0000	20.0000	31.0000	35.0000	35.0000	0.0000
high_conf_fp	S1-28754547	S2-243838820	0.9967	0	0.0000	0.0089	0.7333	1.0000	1.0000	1.0000	0.9545	0.0000	0.0079	1.0000	10.0000	0.8667	1.0000	1.0000	22.0000	21.0000	75.0000	65.0000	0.0000
high_conf_fp	S1-702605137	S3-929129627	0.9967	0	0.0000	0.0093	0.9231	1.0000	1.0000	5.0000	0.7222	0.0000	0.0086	0.8500	4.0000	0.8788	1.0000	1.0000	13.0000	18.0000	29.0000	33.0000	1.0000
high_conf_fp	S1-26439994	S2-694793251	0.9966	0	0.0000	0.0087	0.6429	1.0000	1.0000	6.0000	0.7600	0.0000	0.0090	0.9545	13.0000	0.7111	1.0000	1.0000	25.0000	19.0000	45.0000	32.0000	0.0000
high_conf_fp	S1-437582846	S2-490991368	0.9966	0	0.0000	0.0091	0.7333	1.0000	1.0000	5.0000	0.7727	0.0000	0.0049	0.8333	2.0000	0.9286	1.0000	1.0000	17.0000	22.0000	28.0000	26.0000	0.0000
high_conf_fp	S1-441521391	S3-937901076	0.9966	0	0.0000	0.0093	0.9231	1.0000	0.0000	0.0000	1.0000	0.0000	0.0093	0.9000	2.0000	0.9474	1.0000	1.0000	20.0000	20.0000	36.0000	38.0000	1.0000
high_conf_fp	S1-618791688	S3-573195246	0.9966	0	0.0000	0.0096	1.0000	1.0000	1.0000	5.0000	0.8000	0.0000	0.0069	0.8636	6.0000	0.8462	1.0000	1.0000	20.0000	25.0000	33.0000	39.0000	1.0000
high_conf_fp	S1-155579870	S2-728661046	0.9966	0	0.0000	0.0092	0.6364	1.0000	1.0000	4.0000	0.7647	0.0000	0.0096	0.9444	0.0000	1.0000	1.0000	1.0000	13.0000	17.0000	26.0000	26.0000	0.0000
high_conf_fp	S1-364458659	S3-710013589	0.9966	0	0.0000	0.0070	0.6250	1.0000	1.0000	0.0000	1.0000	0.0000	0.0098	1.0000	2.0000	0.9718	1.0000	1.0000	19.0000	19.0000	71.0000	69.0000	1.0000
high_conf_fp	S1-374652494	S2-919734780	0.9966	0	0.0000	0.0094	0.9167	1.0000	0.0000	0.0000	1.0000	0.0000	0.0090	0.8947	12.0000	0.7333	1.0000	1.0000	15.0000	15.0000	45.0000	33.0000	0.0000
high_conf_fp	S1-292150217	S2-110002056	0.9966	0	0.0000	0.0095	0.7647	0.0000	0.0000	3.0000	0.8696	1.0000	0.0100	1.0000	0.0000	1.0000	1.0000	1.0000	20.0000	23.0000	98.0000	98.0000	0.0000
high_conf_fp	S1-866838535	S2-15368413	0.9966	0	0.0000	0.0087	0.7857	1.0000	0.0000	5.0000	0.8077	1.0000	0.0100	1.0000	0.0000	1.0000	1.0000	1.0000	21.0000	26.0000	26.0000	26.0000	0.0000
high_conf_fp	S1-970903708	S3-46212089	0.9966	0	0.0000	0.0098	0.8571	1.0000	0.0000	0.0000	1.0000	0.0000	0.0095	0.9048	0.0000	1.0000	1.0000	1.0000	18.0000	18.0000	34.0000	34.0000	1.0000
high_conf_fp	S1-905001955	S2-651344163	0.9965	0	0.0000	0.0094	0.8125	1.0000	1.0000	2.0000	0.9286	0.0000	0.0092	0.9583	10.0000	0.8182	1.0000	1.0000	28.0000	26.0000	55.0000	45.0000	0.0000
high_conf_fp	S1-816037856	S3-782462663	0.9965	0	0.0000	0.0095	0.9231	1.0000	1.0000	2.0000	0.9167	0.0000	0.0091	0.8710	37.0000	0.6476	1.0000	1.0000	22.0000	24.0000	105.0000	68.0000	1.0000
high_conf_fp	S1-483158104	S3-275328784	0.9965	0	0.0000	0.0095	0.8000	1.0000	1.0000	1.0000	0.9500	0.0000	0.0090	0.9200	4.0000	0.9394	0.0000	1.0000	19.0000	20.0000	62.0000	66.0000	1.0000
high_conf_fp	S1-977422343	S3-7576408	0.9965	0	0.0000	0.0093	0.9167	1.0000	0.0000	0.0000	1.0000	0.0000	0.0090	0.9524	1.0000	0.9796	1.0000	1.0000	16.0000	16.0000	49.0000	48.0000	1.0000
high_conf_fp	S1-778822136	S2-517464758	0.9965	0	0.0000	0.0091	0.6923	1.0000	1.0000	9.0000	0.5263	0.0000	0.0096	0.9412	0.0000	1.0000	1.0000	1.0000	10.0000	19.0000	30.0000	30.0000	0.0000
high_conf_fp	S1-92659892	S3-34509652	0.9965	0	0.0000	0.0092	0.7857	1.0000	1.0000	10.0000	0.5833	0.0000	0.0089	0.9091	6.0000	0.8636	1.0000	1.0000	14.0000	24.0000	38.0000	44.0000	1.0000
high_conf_fp	S1-509518502	S3-190430911	0.9965	0	0.0000	0.0090	0.8333	1.0000	1.0000	10.0000	0.5238	0.0000	0.0089	0.7391	19.0000	0.6346	1.0000	1.0000	11.0000	21.0000	33.0000	52.0000	1.0000
high_conf_fp	S1-405323604	S2-735270518	0.9965	0	0.0000	0.0087	0.6875	1.0000	1.0000	1.0000	0.9524	0.0000	0.0078	1.0000	0.0000	1.0000	1.0000	1.0000	21.0000	20.0000	71.0000	71.0000	0.0000
high_conf_fp	S1-769980175	S3-308069885	0.9965	0	0.0000	0.0092	0.7857	1.0000	1.0000	4.0000	0.8182	0.0000	0.0094	1.0000	8.0000	0.9080	1.0000	1.0000	22.0000	18.0000	87.0000	79.0000	1.0000
high_conf_fp	S1-650111688	S3-512212329	0.9965	0	0.0000	0.0092	0.7857	1.0000	0.0000	1.0000	0.9444	0.0000	0.0092	0.8947	3.0000	0.9302	1.0000	1.0000	17.0000	18.0000	40.0000	43.0000	1.0000
high_conf_fp	S1-812835672	S3-600481936	0.9965	0	0.0000	0.0095	0.9231	1.0000	1.0000	4.0000	0.8000	0.0000	0.0090	0.9167	3.0000	0.9516	1.0000	1.0000	16.0000	20.0000	62.0000	59.0000	1.0000
high_conf_fp	S1-678537003	S3-327807340	0.9965	0	0.0000	0.0096	0.8947	1.0000	1.0000	9.0000	0.7907	0.0000	0.0088	0.8696	1.0000	0.9737	1.0000	1.0000	34.0000	43.0000	38.0000	37.0000	1.0000
high_conf_fp	S1-80660247	S2-581928260	0.9965	0	0.0000	0.0073	0.8462	0.0000	0.0000	3.0000	0.8333	1.0000	0.0100	1.0000	0.0000	1.0000	1.0000	1.0000	18.0000	15.0000	78.0000	78.0000	0.0000
high_conf_fp	S1-688044491	S2-386433302	0.9965	0	0.0000	0.0090	0.8000	1.0000	0.0000	3.0000	0.9062	0.0000	0.0085	0.9375	2.0000	0.9333	1.0000	1.0000	32.0000	29.0000	28.0000	30.0000	0.0000
high_conf_fp	S1-478013489	S2-743431047	0.9965	0	1.0000	0.0100	1.0000	1.0000	1.0000	0.0000	1.0000	0.0000	0.0072	0.6296	11.0000	0.8070	1.0000	1.0000	15.0000	15.0000	57.0000	46.0000	0.0000
high_conf_fp	S1-371572132	S2-598834892	0.9965	0	0.0000	0.0096	0.9412	1.0000	1.0000	9.0000	0.7907	0.0000	0.0096	0.8750	2.0000	0.9412	1.0000	1.0000	34.0000	43.0000	34.0000	32.0000	0.0000
high_conf_fp	S1-58405443	S2-888334616	0.9965	0	1.0000	0.0100	1.0000	1.0000	1.0000	0.0000	1.0000	0.0000	0.0077	0.7037	6.0000	0.9062	1.0000	1.0000	29.0000	29.0000	58.0000	64.0000	0.0000
high_conf_fp	S1-445763629	S2-982719111	0.9965	0	0.0000	0.0068	0.6000	1.0000	0.0000	18.0000	0.3793	1.0000	0.0100	1.0000	0.0000	1.0000	0.0000	1.0000	29.0000	11.0000	48.0000	48.0000	0.0000
high_conf_fp	S1-576294695	S2-930131205	0.9965	0	0.0000	0.0095	0.9444	1.0000	1.0000	8.0000	0.7576	0.0000	0.0096	0.9500	0.0000	1.0000	1.0000	1.0000	25.0000	33.0000	31.0000	31.0000	0.0000
high_conf_fp	S1-53391105	S2-768242074	0.9964	0	0.0000	0.0094	0.7500	1.0000	1.0000	1.0000	0.9375	0.0000	0.0099	0.9500	0.0000	1.0000	1.0000	1.0000	16.0000	15.0000	34.0000	34.0000	0.0000
high_conf_fp	S1-426763946	S3-294524146	0.9964	0	0.0000	0.0092	0.8889	1.0000	1.0000	1.0000	0.9730	0.0000	0.0094	1.0000	2.0000	0.9643	1.0000	1.0000	36.0000	37.0000	56.0000	54.0000	1.0000
high_conf_fp	S1-897985237	S2-274274024	0.9964	0	0.0000	0.0084	0.7895	1.0000	0.0000	20.0000	0.5349	0.0000	0.0089	0.8750	16.0000	0.6667	1.0000	1.0000	23.0000	43.0000	48.0000	32.0000	0.0000
high_conf_fp	S1-28315266	S2-912914903	0.9964	0	0.0000	0.0093	0.9091	1.0000	0.0000	0.0000	1.0000	1.0000	0.0100	1.0000	0.0000	1.0000	1.0000	1.0000	20.0000	20.0000	41.0000	41.0000	0.0000
high_conf_fp	S1-363404112	S2-517943905	0.9964	0	0.0000	0.0094	0.9286	1.0000	1.0000	4.0000	0.8333	0.0000	0.0082	1.0000	0.0000	1.0000	1.0000	1.0000	20.0000	24.0000	58.0000	58.0000	0.0000
high_conf_fp	S1-353468146	S3-99359131	0.9964	0	0.0000	0.0089	0.6154	1.0000	1.0000	9.0000	0.4706	0.0000	0.0089	0.8333	9.0000	0.8043	1.0000	1.0000	8.0000	17.0000	37.0000	46.0000	1.0000
high_conf_fp	S1-21359826	S3-249641963	0.9964	0	0.0000	0.0088	0.7143	1.0000	0.0000	2.0000	0.8824	0.0000	0.0094	1.0000	1.0000	0.9722	1.0000	1.0000	17.0000	15.0000	35.0000	36.0000	1.0000
high_conf_fp	S1-986116823	S2-459890169	0.9964	0	1.0000	0.0100	1.0000	1.0000	1.0000	0.0000	1.0000	0.0000	0.0070	0.7500	0.0000	1.0000	1.0000	1.0000	32.0000	32.0000	37.0000	37.0000	0.0000
high_conf_fp	S1-149839965	S2-119883230	0.9964	0	0.0000	0.0096	0.7500	1.0000	0.0000	0.0000	1.0000	0.0000	0.0071	0.8571	5.0000	0.8649	1.0000	1.0000	19.0000	19.0000	32.0000	37.0000	0.0000
high_conf_fp	S1-361810065	S3-837557827	0.9964	0	0.0000	0.0095	0.8182	1.0000	1.0000	0.0000	1.0000	0.0000	0.0067	0.5385	37.0000	0.3273	1.0000	1.0000	15.0000	15.0000	55.0000	18.0000	1.0000
high_conf_fp	S1-341278893	S3-155638983	0.9964	0	0.0000	0.0095	0.9091	1.0000	1.0000	4.0000	0.7647	0.0000	0.0070	0.8696	5.0000	0.8780	1.0000	1.0000	13.0000	17.0000	41.0000	36.0000	1.0000
high_conf_fp	S1-665746339	S2-232701744	0.9964	0	0.0000	0.0072	0.6875	0.0000	0.0000	13.0000	0.5667	1.0000	0.0100	1.0000	0.0000	1.0000	1.0000	1.0000	30.0000	17.0000	31.0000	31.0000	0.0000
high_conf_fp	S1-248702489	S3-244143065	0.9964	0	0.0000	0.0069	0.1333	0.0000	0.0000	26.0000	0.0714	1.0000	0.0100	1.0000	0.0000	1.0000	0.0000	1.0000	28.0000	2.0000	50.0000	50.0000	1.0000
high_conf_fp	S1-2720338	S2-865997084	0.9964	0	0.0000	0.0092	0.8182	1.0000	0.0000	4.0000	0.7500	1.0000	0.0100	1.0000	0.0000	1.0000	1.0000	1.0000	16.0000	12.0000	38.0000	38.0000	0.0000
high_conf_fp	S1-9485131	S3-162465525	0.9963	0	0.0000	0.0092	0.9333	1.0000	0.0000	1.0000	0.9600	0.0000	0.0087	0.7500	7.0000	0.8000	1.0000	1.0000	25.0000	24.0000	28.0000	35.0000	1.0000
high_conf_fp	S1-698126876	S3-667928424	0.9963	0	0.0000	0.0091	0.6667	1.0000	1.0000	11.0000	0.5417	0.0000	0.0086	0.8421	9.0000	0.7857	1.0000	1.0000	24.0000	13.0000	33.0000	42.0000	1.0000
high_conf_fp	S1-90112193	S2-666001130	0.9963	0	0.0000	0.0085	0.7778	1.0000	1.0000	1.0000	0.9688	1.0000	0.0100	1.0000	0.0000	1.0000	1.0000	1.0000	31.0000	32.0000	52.0000	52.0000	0.0000
high_conf_fp	S1-101201803	S2-201036089	0.9963	0	0.0000	0.0094	1.0000	1.0000	1.0000	0.0000	1.0000	0.0000	0.0070	0.7879	10.0000	0.8795	1.0000	1.0000	33.0000	33.0000	83.0000	73.0000	0.0000
high_conf_fp	S1-862963910	S3-968377203	0.9963	0	0.0000	0.0096	1.0000	1.0000	1.0000	4.0000	0.8182	0.0000	0.0084	0.7391	9.0000	0.7750	1.0000	1.0000	22.0000	18.0000	31.0000	40.0000	1.0000
high_conf_fp	S1-438524461	S3-969549291	0.9963	0	0.0000	0.0094	0.9091	1.0000	0.0000	0.0000	1.0000	0.0000	0.0072	0.8077	20.0000	0.6491	1.0000	1.0000	18.0000	18.0000	37.0000	57.0000	1.0000
high_conf_fp	S1-190606610	S2-415231199	0.9963	0	0.0000	0.0092	0.9000	1.0000	1.0000	7.0000	0.5882	0.0000	0.0061	0.9091	4.0000	0.8824	1.0000	1.0000	10.0000	17.0000	34.0000	30.0000	0.0000
high_conf_fp	S1-975857647	S2-430955441	0.9963	0	0.0000	0.0074	0.7273	0.0000	0.0000	12.0000	0.4783	1.0000	0.0100	1.0000	0.0000	1.0000	1.0000	1.0000	23.0000	11.0000	28.0000	28.0000	0.0000
high_conf_fp	S1-678369048	S3-3858745	0.9963	0	0.0000	0.0093	0.7857	1.0000	0.0000	0.0000	1.0000	0.0000	0.0093	1.0000	5.0000	0.8684	1.0000	1.0000	19.0000	19.0000	33.0000	38.0000	1.0000
high_conf_fp	S1-47301853	S2-702212503	0.9963	0	0.0000	0.0097	0.9375	1.0000	1.0000	6.0000	0.8500	0.0000	0.0091	0.9091	9.0000	0.8085	1.0000	1.0000	34.0000	40.0000	47.0000	38.0000	0.0000
high_conf_fp	S1-622021888	S3-496967043	0.9963	0	0.0000	0.0093	0.8182	1.0000	1.0000	9.0000	0.6250	0.0000	0.0083	0.9048	8.0000	0.8095	1.0000	1.0000	24.0000	15.0000	34.0000	42.0000	1.0000
high_conf_fp	S1-418098120	S2-234871717	0.9963	0	0.0000	0.0079	0.8571	0.0000	0.0000	0.0000	1.0000	1.0000	0.0100	1.0000	0.0000	1.0000	1.0000	1.0000	17.0000	17.0000	23.0000	23.0000	0.0000
high_conf_fp	S1-993059645	S3-689338677	0.9963	0	0.0000	0.0099	1.0000	1.0000	1.0000	2.0000	0.9333	0.0000	0.0071	0.7391	8.0000	0.8049	1.0000	1.0000	30.0000	28.0000	33.0000	41.0000	1.0000
high_conf_fp	S1-864868535	S2-491383358	0.9963	0	0.0000	0.0095	0.8333	1.0000	1.0000	7.0000	0.7308	0.0000	0.0094	0.9130	6.0000	0.8571	1.0000	1.0000	19.0000	26.0000	42.0000	36.0000	0.0000
high_conf_fp	S1-286295181	S3-783680907	0.9963	0	0.0000	0.0091	0.8824	1.0000	1.0000	1.0000	0.9762	0.0000	0.0079	1.0000	1.0000	0.9872	1.0000	1.0000	42.0000	41.0000	77.0000	78.0000	1.0000
high_conf_fp	S1-501670591	S3-847922394	0.9963	0	0.0000	0.0089	0.7647	1.0000	1.0000	0.0000	1.0000	0.0000	0.0091	0.8261	8.0000	0.8222	1.0000	1.0000	22.0000	22.0000	37.0000	45.0000	1.0000
high_conf_fp	S1-728625777	S2-817103728	0.9963	0	0.0000	0.0095	0.8421	1.0000	1.0000	0.0000	1.0000	0.0000	0.0093	0.7917	0.0000	1.0000	1.0000	1.0000	39.0000	39.0000	50.0000	50.0000	0.0000
high_conf_fp	S1-565723566	S2-456402408	0.9963	0	0.0000	0.0098	0.8571	1.0000	1.0000	2.0000	0.8947	0.0000	0.0084	0.6818	6.0000	0.8462	1.0000	1.0000	17.0000	19.0000	33.0000	39.0000	0.0000
high_conf_fp	S1-290659195	S3-245692778	0.9962	0	0.0000	0.0082	0.6429	1.0000	1.0000	5.0000	0.7222	0.0000	0.0090	0.8947	2.0000	0.9459	1.0000	1.0000	13.0000	18.0000	37.0000	35.0000	1.0000
high_conf_fp	S1-487252927	S2-360988857	0.9962	0	0.0000	0.0092	0.8571	1.0000	0.0000	2.0000	0.9091	1.0000	0.0100	1.0000	0.0000	1.0000	1.0000	1.0000	20.0000	22.0000	27.0000	27.0000	0.0000
high_conf_fp	S1-457576039	S3-232480012	0.9962	0	0.0000	0.0094	0.7857	1.0000	0.0000	0.0000	1.0000	0.0000	0.0094	0.8667	22.0000	0.7215	1.0000	1.0000	15.0000	15.0000	79.0000	57.0000	1.0000
high_conf_fp	S1-18790970	S3-970979392	0.9962	0	0.0000	0.0093	0.8667	1.0000	0.0000	0.0000	1.0000	0.0000	0.0098	0.9375	3.0000	0.9091	1.0000	1.0000	20.0000	20.0000	30.0000	33.0000	1.0000
high_conf_fp	S1-558966261	S2-720905185	0.9962	0	0.0000	0.0097	0.9375	1.0000	1.0000	5.0000	0.8529	0.0000	0.0087	0.7273	2.0000	0.9375	1.0000	1.0000	29.0000	34.0000	30.0000	32.0000	0.0000
high_conf_fp	S1-377013516	S2-689959663	0.9962	0	0.0000	0.0090	0.9333	1.0000	0.0000	4.0000	0.8333	0.0000	0.0097	0.8947	4.0000	0.8788	1.0000	1.0000	24.0000	20.0000	29.0000	33.0000	0.0000
high_conf_fp	S1-791736702	S2-208596073	0.9962	0	0.0000	0.0094	0.8667	1.0000	0.0000	2.0000	0.9048	0.0000	0.0064	0.9130	15.0000	0.6667	1.0000	1.0000	21.0000	19.0000	45.0000	30.0000	0.0000
high_conf_fp	S1-650010837	S2-850018662	0.9962	0	0.0000	0.0092	0.7273	1.0000	1.0000	6.0000	0.6000	0.0000	0.0092	0.8261	5.0000	0.8649	1.0000	1.0000	9.0000	15.0000	32.0000	37.0000	0.0000
high_conf_fp	S1-544986365	S3-886087416	0.9962	0	0.0000	0.0097	0.8667	1.0000	1.0000	4.0000	0.8462	0.0000	0.0069	0.7200	39.0000	0.4868	1.0000	1.0000	22.0000	26.0000	76.0000	37.0000	1.0000
high_conf_fp	S1-805488480	S3-860756763	0.9962	0	0.0000	0.0089	0.5625	1.0000	1.0000	12.0000	0.6129	0.0000	0.0097	0.9545	3.0000	0.9348	1.0000	1.0000	19.0000	31.0000	46.0000	43.0000	1.0000
high_conf_fp	S1-97238934	S2-809989867	0.9962	0	0.0000	0.0092	0.7143	1.0000	0.0000	5.0000	0.8529	0.0000	0.0090	0.9000	3.0000	0.9032	1.0000	1.0000	29.0000	34.0000	31.0000	28.0000	0.0000
high_conf_fp	S1-691369724	S2-83769111	0.9962	0	0.0000	0.0088	0.8235	1.0000	1.0000	3.0000	0.9032	1.0000	0.0100	1.0000	0.0000	1.0000	1.0000	1.0000	28.0000	31.0000	112.0000	112.0000	0.0000
high_conf_fp	S1-436713581	S2-97793601	0.9962	0	0.0000	0.0089	0.6500	1.0000	1.0000	4.0000	0.8750	0.0000	0.0100	1.0000	1.0000	0.9773	1.0000	1.0000	28.0000	32.0000	44.0000	43.0000	0.0000
high_conf_fp	S1-433659810	S2-984450291	0.9961	0	0.0000	0.0097	0.8571	1.0000	1.0000	0.0000	1.0000	0.0000	0.0082	0.6500	8.0000	0.7838	1.0000	1.0000	20.0000	20.0000	37.0000	29.0000	0.0000
