table	entity_id	address	house_p1	house_p2
train_s1	S1-970972284	bihar, pakki sarai road, muzaffarpur, near abbda high school azad market, 3rd floor, mithanpura	3r	
train_s1	S1-19400879	w14698 burton road, town of northfield, wi	14698	
train_s1	S1-68201540	kerala, 4th floor, thiruvananthapuram, capital tower, statue, thiruvananthapuram, trivandrum	4t	
train_s1	S1-527727380	b1102 unity complex chs ltd yari road, east of link road near gulmohar garden, mumbai, maharashtra	1102	
train_s1	S1-615738219	a-279okhla phase-i, new delhi, south delhi, delhi	279o	
train_s2	S2-202057528	c7 419bonny building kattoor p o, malappuram, kerala	7	
train_s2	S2-348280942	shop no.f107 and f106, first floor soham resicom, vadodara, kalali, gujarat	107	
train_s2	S2-34975790	60th street, null, anderson townhsip, in	60t	
train_s2	S2-970843942	andhra pradesh, b3/6-3-456/26, panjagutta, hyderabad. andhra pradesh	3	6
train_s2	S2-971491700	delhi, north west, plot no. d1, dr. mukherjee nagar, commercial complex, delhi, office no. b##17	1	17
train_s3	S3-249416830	s03575 cty tk m, town of buffalo, wi	03575	
train_s3	S3-776815069	unit a3, ugf, plot no. 17, satbari vill., chattarpur, south west delhi, dl	3	17
train_s3	S3-690376437	wabasha, minnesota, 3rd st	3r	
train_s3	S3-335805814	south delhi, dl, new delhi, 3rd floor, plot no. 211, innov8 okhla co-working, okhla phase 3 rd, okhla, new delhi	3r	211
train_s3	S3-797289734	c04 pinnacle chsl lbs rd, mumbai ii, mumbai, mh	04	
test_s1	S1-742053041	bhubaneswar, sub plot no.-l6/29, mahodadhi bhawan (next to iter college) panchasakha nagar, dumuduma, khordha, plot no.-780, orissa	6	29
test_s1	S1-339015166	no.7groundfloor, mhtresidence green orchrds layout, bannerghttamainroad, bangalore, karnataka	7g	
test_s1	S1-570053103	c/omanendra prasad sinha, quality campus a203, lohia nagardath, jagdeo path, patna, bihar	203	
test_s1	S1-280936763	delhi, janakpuri, plot no a3/12 s/f, west delhi, new delhi	3	12
test_s1	S1-712639027	2nd floor, shree vyankatesh market, main road sitabuldi, nagpur, maharashtra	2n	
test_s2	S2-229677112	g-b3/5, t v industrial estate 248/a, s k ahire marg, worli, maharashtra	3	5
test_s2	S2-956479781	h.no 27th floor, telangana, hyderabad, seri lingampally, g square, near wells fargo, raidurgam	27t	
test_s2	S2-600460285	h no-b3/2/2 near sector-14, ext, devilal nagar, haryana	3	2
test_s2	S2-119647643	w6134 palmer dr, wi, trego	6134	
test_s2	S2-591078525	h4/90, first floor bengali colony, mahavir enclave, delhi,   	4	90
test_s3	S3-877919199	120th, 3rd flr, 1st main rd, hbr 2nd stage opp inam masjid, shampura main road, bangalore, bengaluru, ka	120t	
test_s3	S3-159233685	door no 4th floor, office 24, so, no-53, 54 wingb city vista, pune city, pune, mh	4t	24
test_s3	S3-580736465	bldg r4 flat no c/1008 life republic kolte patil i ven town ships marunji, pune,     	4	1008
test_s3	S3-173398261	###2nd floor, flat no- b3, 10, central park, kolkata, calcutta, howrah, wb	2n	10
test_s3	S3-688194826	gala no12, blg no. a/22, harihar complex anjurphata road, village dapode, thane, mh	12	22
