artifact_id	artifact_type	path	exists	size_bytes	sha256	rows	columns	generated_by	generation_command	generation_date_if_available	train_or_test	source	status	notes
raw_train_s1	raw_dataset	data/train/train_source1.tsv	true	210069713	591af0e1dfeb65cab71ea6ee8cb69df00f92d6ba6fa79e05746c938775d14973	2206821	4	reconstruct_data.sh	cat data/train/train_source1.tsv.part_* > data/train/train_source1.tsv	2026-09-26	train	source1	ACTIVE	Raw S1
raw_train_s2	raw_dataset	data/train/train_source2.tsv	true	489301488	6336c1a055eec79cf8a6d99fdc8d32a2e4d9dc2662e00963cb35d66b89ed09ed	5034616	4	reconstruct_data.sh	cat data/train/train_source2.tsv.part_* > data/train/train_source2.tsv	2026-09-26	train	source2	ACTIVE	Raw S2
raw_train_s3	raw_dataset	data/train/train_source3.tsv	true	503705637	67da22f5151898ff3006febd836c1a159e97ae95efa7257a5aff4fda685e58e9	5285603	4	reconstruct_data.sh	cat data/train/train_source3.tsv.part_* > data/train/train_source3.tsv	2026-09-26	train	source3	ACTIVE	Raw S3
raw_test_s1	raw_dataset	data/test/test_source1.tsv	true	175022086	3d4a32c54c2ca9c53fd7c2be105bf26f708f94c4d2f88eb370972a195665c2f5	1732544	4	reconstruct_data.sh	cat data/test/test_source1.tsv.part_* > data/test/test_source1.tsv	2026-09-26	test	source1	ACTIVE	Raw test S1
raw_test_s2	raw_dataset	data/test/test_source2.tsv	true	509456422	79d906c7497af2ace70aa277f6e334a652094909de99bd6c57b53420b6a7b2dd	4887273	4	reconstruct_data.sh	cat data/test/test_source2.tsv.part_* > data/test/test_source2.tsv	2026-09-26	test	source2	ACTIVE	Raw test S2
raw_test_s3	raw_dataset	data/test/test_source3.tsv	true	506002772	850942b11d2a4343486ed0834e28bce9f3b385f3fd497fd60ccf4ea3b8bda035	5082316	4	reconstruct_data.sh	cat data/test/test_source3.tsv.part_* > data/test/test_source3.tsv	2026-09-26	test	source3	ACTIVE	Raw test S3
raw_gt	ground_truth	data/train/train_ground_truth.tsv	true	127015583	70bc1d8a16c667e0155c2105d0ab2ebe41d7e7a85d8a529e3ca81c6c3a5af037	2206821	2	reconstruct_data.sh	cat data/train/train_ground_truth.tsv.part_* > data/train/train_ground_truth.tsv	2026-09-26	train	ground_truth	ACTIVE	Raw ground truth
norm_train_s1	normalized_dataset	outputs/person1_step1/normalized/train_source1_normalized.tsv	true	210044643	05d53a5d74bd3505c9fd559fb8c18c42e2256107571d62c6d22c3beb4245e1b9	2206821	4	notebooks/02_normalization.ipynb	python normalization pipeline	2026-09-25	train	source1	ACTIVE	Normalized train S1
norm_train_s2	normalized_dataset	outputs/person1_step1/normalized/train_source2_normalized.tsv	true	473461005	a637b672ee43b7bd37411421e092b36dda40328a5d81c55059c540663e82dbd6	5034616	4	notebooks/02_normalization.ipynb	python normalization pipeline	2026-09-25	train	source2	ACTIVE	Normalized train S2
norm_train_s3	normalized_dataset	outputs/person1_step1/normalized/train_source3_normalized.tsv	true	492985040	13fbd7561fa1422fdb7a5f3c175843c9ec9d2428fb838fc15d7cd9c959470287	5285603	4	notebooks/02_normalization.ipynb	python normalization pipeline	2026-09-25	train	source3	ACTIVE	Normalized train S3
norm_test_s1	normalized_dataset	outputs/person1_step1/normalized/test_source1_normalized.tsv	true	174998099	f6ce8790347d7db75fcac8405d9e7817b54fe653a97865b40163f919425049f4	1732544	4	notebooks/02_normalization.ipynb	python normalization pipeline	2026-09-25	test	source1	ACTIVE	Normalized test S1
norm_test_s2	normalized_dataset	outputs/person1_step1/normalized/test_source2_normalized.tsv	true	491148398	5bc01f5e54f63137c122e11bebf5971a7d30e71f0ada7b51683a34a6723b7a96	4887273	4	notebooks/02_normalization.ipynb	python normalization pipeline	2026-09-25	test	source2	ACTIVE	Normalized test S2
norm_test_s3	normalized_dataset	outputs/person1_step1/normalized/test_source3_normalized.tsv	true	493709014	58ef93ced22f8badcc9e89425679378158206e70f382aa3961c66d9f46ed58f4	5082316	4	notebooks/02_normalization.ipynb	python normalization pipeline	2026-09-25	test	source3	ACTIVE	Normalized test S3
recon_gt	ground_truth	outputs/person1_step1/train_ground_truth_reconstructed.tsv	true	127015583	70bc1d8a16c667e0155c2105d0ab2ebe41d7e7a85d8a529e3ca81c6c3a5af037	2206821	2	outputs/person1_step1 pipeline	N/A	2026-09-25	train	ground_truth	ACTIVE	Identical to raw GT
cand_v1_train_s2	candidate_pairs	P2/data/candidates/train_candidate_pairs_s2.tsv	true	683144227	1a1f671d500bea88095cb69f5d32dabe6644357ff91432526305b10856f210be	24594064	3	P2/scripts/cands_BCD_v1_tasks.py	python3 P2/scripts/cands_BCD_v1_tasks.py	2026-09-26	train	source2	BASELINE	V1 train S2 candidates
cand_v1_train_s3	candidate_pairs	P2/data/candidates/train_candidate_pairs_s3.tsv	true	833303719	b34f05adaefd6990495ebf2581f9d1b0582a15bb71a87d05a54c9caf6c440255	29998661	3	P2/scripts/cands_BCD_v1_tasks.py	python3 P2/scripts/cands_BCD_v1_tasks.py	2026-09-26	train	source3	BASELINE	V1 train S3 candidates
cand_v1_test_s2	candidate_pairs	P2/data/candidates/test_candidate_pairs_s2.tsv	true	779362145	7c79411c7e917cad04817adb921a721bda9a4927a32c01504599a9949ede8366	30232352	2	P2/scripts/cands_BCD_v1_tasks.py	python3 P2/scripts/cands_BCD_v1_tasks.py	2026-09-26	test	source2	ACTIVE	V1 test S2 candidates
cand_v1_test_s3	candidate_pairs	P2/data/candidates/test_candidate_pairs_s3.tsv	true	923479763	620ff6e2654bcd3eeae0e81b5670734b290fbc5a76d668891ad1659a7d606531	35822910	2	P2/scripts/cands_BCD_v1_tasks.py	python3 P2/scripts/cands_BCD_v1_tasks.py	2026-09-26	test	source3	ACTIVE	V1 test S3 candidates
cand_v2_train_s2	candidate_pairs	P2/data/candidates/train_candidate_pairs_s2_v2.tsv	true	843272201	386c0a0c0dacda2df90d26778a893c760b686c1c4e84bc0ef033e7ce84c28d22	30359040	3	P2/scripts/cands_BCD_v2_tasks.py	python3 P2/scripts/cands_BCD_v2_tasks.py	2026-09-26	train	source2	EXPERIMENTAL	V2 train S2 candidates
cand_v2_train_s3	candidate_pairs	P2/data/candidates/train_candidate_pairs_s3_v2.tsv	true	1027044644	6d6cc5171beb4f445a4016f35a27e488e543cdeaa66bb5a26b342f87302c8404	36973484	3	P2/scripts/cands_BCD_v2_tasks.py	python3 P2/scripts/cands_BCD_v2_tasks.py	2026-09-26	train	source3	EXPERIMENTAL	V2 train S3 candidates
cand_v2_test_s2	candidate_pairs	P2/data/candidates/test_candidate_pairs_s2_v2.tsv	true	900172941	149e168a56025a860c7e917f1ba70f990cfaefd0660175d8d8050c657fbe9c82	34919169	2	P2/scripts/cands_BCD_v2_tasks.py	python3 P2/scripts/cands_BCD_v2_tasks.py	2026-09-26	test	source2	EXPERIMENTAL	V2 test S2 candidates
cand_v2_test_s3	candidate_pairs	P2/data/candidates/test_candidate_pairs_s3_v2.tsv	true	1075341054	ec2dd1c0ca63d71d242b84854b22bace3fec0c7d611a193fc224a6b6bf971576	41714627	2	P2/scripts/cands_BCD_v2_tasks.py	python3 P2/scripts/cands_BCD_v2_tasks.py	2026-09-26	test	source3	EXPERIMENTAL	V2 test S3 candidates
cand_p1_test_s2	candidate_pairs	outputs/person1_step1/test_candidate_pairs_s2.tsv	true	671446057	8aff61a3b98848ed3af607352f4def7e87cc2fb0abc927a9b6feb0d888586528	26046195	2	outputs/person1_step1	N/A	2026-09-25	test	source2	STALE	Strategy B only
cand_p1_test_s3	candidate_pairs	outputs/person1_step1/test_candidate_pairs_s3.tsv	true	793434340	645862ffab6e62ca0cf26d77d53b87148dc74be14e026b5918116c64bf3d829d	30777878	2	outputs/person1_step1	N/A	2026-09-25	test	source3	STALE	Strategy B only
oof_fold0	prediction	P2/reports/E02_OOF_FULL_CANONICAL_fold0.tsv	true	461668296	ad19bff82c3ccdddf1ba4c4628df55053a53f03cedc298b5a00a9087fa652e33	10865125	5	P2/scripts/e02_predict_full_oof.py	python3 P2/scripts/e02_predict_full_oof.py	2026-09-26	train	s2_s3	BASELINE	Fold 0 canonical OOF predictions
oof_fold1	prediction	P2/reports/E02_OOF_FULL_CANONICAL_fold1.tsv	true	464599382	362df907230a4de19871b707b3295dbfdad04590551cffb0bf72b6144d13b5e4	10933330	5	P2/scripts/e02_predict_full_oof.py	python3 P2/scripts/e02_predict_full_oof.py	2026-09-26	train	s2_s3	BASELINE	Fold 1 canonical OOF predictions
oof_fold2	prediction	P2/reports/E02_OOF_FULL_CANONICAL_fold2.tsv	true	464525830	5c1d4d4755f64b84e5244ec58812b87136d476f329cf9d4d82ef79ad6755c3d1	10931264	5	P2/scripts/e02_predict_full_oof.py	python3 P2/scripts/e02_predict_full_oof.py	2026-09-26	train	s2_s3	BASELINE	Fold 2 canonical OOF predictions
oof_fold3	prediction	P2/reports/E02_OOF_FULL_CANONICAL_fold3.tsv	true	462318690	ae78ec4edce55c0c45a7288fe1e67e9b1b399e7e5741b02eddc89143880c2ee7	10877760	5	P2/scripts/e02_predict_full_oof.py	python3 P2/scripts/e02_predict_full_oof.py	2026-09-26	train	s2_s3	BASELINE	Fold 3 canonical OOF predictions
oof_fold4	prediction	P2/reports/E02_OOF_FULL_CANONICAL_fold4.tsv	true	466840105	84836977ac7fb656e243098ac9caa7d5cc3bf60651a767c09a7b006549a7624b	10985246	5	P2/scripts/e02_predict_full_oof.py	python3 P2/scripts/e02_predict_full_oof.py	2026-09-26	train	s2_s3	BASELINE	Fold 4 canonical OOF predictions
manifest_folds_v1	configuration	P3/reports/folds_v1_manifest.tsv	true	34919169	9dcec5d83a477d224067e71b93abc21af8befa26f9c399568121fa83ba8801a3	2206821	2	P3 validation script	N/A	2026-09-26	train	source1	ACTIVE	Frozen 5-fold assignment
