dataset	split	source	path	exists	file_size_bytes	sha256	rows	columns	column_names	unique_id_count	duplicate_id_count	status	notes
train_source1	train	source1	data/train/train_source1.tsv	true	210069713	591af0e1dfeb65cab71ea6ee8cb69df00f92d6ba6fa79e05746c938775d14973	2206821	4	entity_id,business_name,business_address,country	2206821	0	VERIFIED_NOW	Raw reconstructed train source 1 dataset
train_source2	train	source2	data/train/train_source2.tsv	true	489301488	6336c1a055eec79cf8a6d99fdc8d32a2e4d9dc2662e00963cb35d66b89ed09ed	5034616	4	entity_id,business_name,business_address,country	5034616	0	VERIFIED_NOW	Raw reconstructed train source 2 dataset
train_source3	train	source3	data/train/train_source3.tsv	true	503705637	67da22f5151898ff3006febd836c1a159e97ae95efa7257a5aff4fda685e58e9	5285603	4	entity_id,business_name,business_address,country	5285603	0	VERIFIED_NOW	Raw reconstructed train source 3 dataset
test_source1	test	source1	data/test/test_source1.tsv	true	175022086	3d4a32c54c2ca9c53fd7c2be105bf26f708f94c4d2f88eb370972a195665c2f5	1732544	4	entity_id,business_name,business_address,country	1732544	0	VERIFIED_NOW	Raw reconstructed test source 1 dataset
test_source2	test	source2	data/test/test_source2.tsv	true	509456422	79d906c7497af2ace70aa277f6e334a652094909de99bd6c57b53420b6a7b2dd	4887273	4	entity_id,business_name,business_address,country	4887273	0	VERIFIED_NOW	Raw reconstructed test source 2 dataset
test_source3	test	source3	data/test/test_source3.tsv	true	506002772	850942b11d2a4343486ed0834e28bce9f3b385f3fd497fd60ccf4ea3b8bda035	5082316	4	entity_id,business_name,business_address,country	5082316	0	VERIFIED_NOW	Raw reconstructed test source 3 dataset
train_ground_truth	train	ground_truth	data/train/train_ground_truth.tsv	true	127015583	70bc1d8a16c667e0155c2105d0ab2ebe41d7e7a85d8a529e3ca81c6c3a5af037	2206821	2	source1_entity_id,matched_entity_ids	2206821	0	VERIFIED_NOW	Official train ground truth match labels
train_source1_normalized	train	source1	outputs/person1_step1/normalized/train_source1_normalized.tsv	true	210044643	05d53a5d74bd3505c9fd559fb8c18c42e2256107571d62c6d22c3beb4245e1b9	2206821	4	entity_id,business_name,business_address,country	2206821	0	VERIFIED_NOW	Normalized train source 1 (in-place text cleaning)
train_source2_normalized	train	source2	outputs/person1_step1/normalized/train_source2_normalized.tsv	true	473461005	a637b672ee43b7bd37411421e092b36dda40328a5d81c55059c540663e82dbd6	5034616	4	entity_id,business_name,business_address,country	5034616	0	VERIFIED_NOW	Normalized train source 2 (in-place text cleaning)
train_source3_normalized	train	source3	outputs/person1_step1/normalized/train_source3_normalized.tsv	true	492985040	13fbd7561fa1422fdb7a5f3c175843c9ec9d2428fb838fc15d7cd9c959470287	5285603	4	entity_id,business_name,business_address,country	5285603	0	VERIFIED_NOW	Normalized train source 3 (in-place text cleaning)
test_source1_normalized	test	source1	outputs/person1_step1/normalized/test_source1_normalized.tsv	true	174998099	f6ce8790347d7db75fcac8405d9e7817b54fe653a97865b40163f919425049f4	1732544	4	entity_id,business_name,business_address,country	1732544	0	VERIFIED_NOW	Normalized test source 1 (in-place text cleaning)
test_source2_normalized	test	source2	outputs/person1_step1/normalized/test_source2_normalized.tsv	true	491148398	5bc01f5e54f63137c122e11bebf5971a7d30e71f0ada7b51683a34a6723b7a96	4887273	4	entity_id,business_name,business_address,country	4887273	0	VERIFIED_NOW	Normalized test source 2 (in-place text cleaning)
test_source3_normalized	test	source3	outputs/person1_step1/normalized/test_source3_normalized.tsv	true	493709014	58ef93ced22f8badcc9e89425679378158206e70f382aa3961c66d9f46ed58f4	5082316	4	entity_id,business_name,business_address,country	5082316	0	VERIFIED_NOW	Normalized test source 3 (in-place text cleaning)
train_ground_truth_reconstructed	train	ground_truth	outputs/person1_step1/train_ground_truth_reconstructed.tsv	true	127015583	70bc1d8a16c667e0155c2105d0ab2ebe41d7e7a85d8a529e3ca81c6c3a5af037	2206821	2	source1_entity_id,matched_entity_ids	2206821	0	VERIFIED_NOW	Reconstructed copy of GT; SHA256 matches raw GT exactly
