script	path	purpose	inputs	outputs	train_test	currently_used	status	notes
reconstruct_data.sh	reconstruct_data.sh	Reconstruct full TSVs from split .part_* files using cat	data/{train,test}/*.tsv.part_*	data/{train,test}/*.tsv	both	YES	ACTIVE	Core prerequisite for reading raw datasets
cands_BCD_v1_tasks.py	P2/scripts/cands_BCD_v1_tasks.py	Generate V1 candidate pairs (Rules A, B, C, D) using DuckDB SQL	outputs/person1_step1/normalized/*.tsv, data/train/train_ground_truth.tsv	P2/data/candidates/*_candidate_pairs_s{2,3}.tsv	both	YES	BASELINE	Generates current baseline candidate universe (54.6M train pairs)
cands_BCD_v2_tasks.py	P2/scripts/cands_BCD_v2_tasks.py	Generate V2 candidate pairs (Rules A through I) using DuckDB SQL	outputs/person1_step1/normalized/*.tsv, data/train/train_ground_truth.tsv	P2/data/candidates/*_candidate_pairs_s{2,3}_v2.tsv	both	NO	EXPERIMENTAL	Higher recall (66.0% S2 / 65.5% S3), generated but not yet used by E02
e02_train_lgb.py	P2/scripts/e02_train_lgb.py	Train 5-fold LightGBM model on V1 candidates with 10% negative downsampling	P2/data/candidates/train_candidate_pairs_s{2,3}.tsv, P3/reports/folds_v1_manifest.tsv	Fold models, OOF predictions, evaluation report	train	YES	BASELINE	Achieved Macro F0.5 = 0.7695 on V1 candidates
finish_pipeline.py	P2/scripts/finish_pipeline.py	Finish S3 test scoring pipeline	outputs/person1_step1/test_candidate_pairs_s3.tsv, models	S3 test predictions	test	NO	OBSOLETE	Contains regex mismatch and references stale Strategy B candidates
phase3_to_8_pipeline.py	P2/scripts/phase3_to_8_pipeline.py	Legacy end-to-end pipeline runner	Non-existent train_strategy_b_candidates_*.tsv	Predictions, submission	both	NO	OBSOLETE	Superseded by e02_train_lgb.py
scorer_v1.py	validation/scorer_v1.py	Official E02 scorer entry point for Macro F0.5 evaluation	Predictions dict, Ground Truth dict, entity_ids	Macro F0.5, micro metrics, TP/FP/FN counts	train	YES	ACTIVE	Authoritative competition evaluation entry point
metrics.py	validation/metrics.py	Core competition metric calculations (Macro F0.5 with no-match logic)	Predicted sets, actual sets	Precision, recall, F0.5 per entity and aggregate	train	YES	ACTIVE	Authoritative metric implementation
verify_p3.py	verify_p3.py	Validation freeze verification script for P3 folds and scorer	P3/reports/folds_v1_manifest.tsv, normalized datasets	Fold distribution and validation sanity checks	train	YES	ACTIVE	Confirms P3 fold freeze integrity
e02_predict_full_oof.py	P2/scripts/e02_predict_full_oof.py	Predict OOF scores across all 54.5M V1 candidates using fold models	Fold models, V1 candidates	P2/reports/E02_OOF_FULL_CANONICAL_fold*.tsv	train	YES	BASELINE	Generated canonical OOF files
canonical_handoff_stats.py	P2/scripts/canonical_handoff_stats.py	Compute candidate volume, distinct counts, and handoff stats	Candidates, normalized datasets	Handoff statistics reports	both	YES	ACTIVE	Validation utility
investigate_regex.py	P2/scripts/investigate_regex.py	Diagnose regex differences between house number extraction logic	Normalized datasets	Regex comparison fixture	both	NO	HISTORICAL	Diagnostic script
