candidate_family	split	target_source	candidate_pairs	unique_s1	unique_targets	positives	negatives	recall	path	sha256	file_size_bytes	status
v1_train	train	source2	24594064	1859868	2798463	2214137	22379927	0.599449 (59.94%)	P2/data/candidates/train_candidate_pairs_s2.tsv	1a1f671d500bea88095cb69f5d32dabe6644357ff91432526305b10856f210be	683144227	ACTIVE_BASELINE
v1_train	train	source3	29998661	1881377	3016380	2346442	27652219	0.594827 (59.48%)	P2/data/candidates/train_candidate_pairs_s3.tsv	b34f05adaefd6990495ebf2581f9d1b0582a15bb71a87d05a54c9caf6c440255	833303719	ACTIVE_BASELINE
v1_test	test	source2	30232352	1478061	2506067	N/A	N/A	N/A	P2/data/candidates/test_candidate_pairs_s2.tsv	7c79411c7e917cad04817adb921a721bda9a4927a32c01504599a9949ede8366	779362145	ACTIVE_TEST
v1_test	test	source3	35822910	1493071	2725472	N/A	N/A	N/A	P2/data/candidates/test_candidate_pairs_s3.tsv	620ff6e2654bcd3eeae0e81b5670734b290fbc5a76d668891ad1659a7d606531	923479763	ACTIVE_TEST
v2_train	train	source2	30359040	1929373	3045029	2438575	27920465	0.660213 (66.02%)	P2/data/candidates/train_candidate_pairs_s2_v2.tsv	386c0a0c0dacda2df90d26778a893c760b686c1c4e84bc0ef033e7ce84c28d22	843272201	AVAILABLE_UNUSED
v2_train	train	source3	36973484	1944749	3277458	2584593	34388891	0.655199 (65.52%)	P2/data/candidates/train_candidate_pairs_s3_v2.tsv	6d6cc5171beb4f445a4016f35a27e488e543cdeaa66bb5a26b342f87302c8404	1027044644	AVAILABLE_UNUSED
v2_test	test	source2	34919169	1526337	2712234	N/A	N/A	N/A	P2/data/candidates/test_candidate_pairs_s2_v2.tsv	149e168a56025a860c7e917f1ba70f990cfaefd0660175d8d8050c657fbe9c82	900172941	AVAILABLE_UNUSED
v2_test	test	source3	41714627	1537152	2946450	N/A	N/A	N/A	P2/data/candidates/test_candidate_pairs_s3_v2.tsv	ec2dd1c0ca63d71d242b84854b22bace3fec0c7d611a193fc224a6b6bf971576	1075341054	AVAILABLE_UNUSED
p1_strategy_b_test	test	source2	26046195	1331914	2298136	N/A	N/A	N/A	outputs/person1_step1/test_candidate_pairs_s2.tsv	8aff61a3b98848ed3af607352f4def7e87cc2fb0abc927a9b6feb0d888586528	671446057	STALE_MISMATCHED
p1_strategy_b_test	test	source3	30777878	1350577	2492891	N/A	N/A	N/A	outputs/person1_step1/test_candidate_pairs_s3.tsv	645862ffab6e62ca0cf26d77d53b87148dc74be14e026b5918116c64bf3d829d	793434340	STALE_MISMATCHED
