candidate_version	source	candidate_file	generator_script	rule_set	candidate_rows	unique_candidate_rows	duplicate_rows	gt_pairs	gt_captured	gt_missed	recall	candidate_to_gt_ratio	zero_candidate_s1	median_candidates_per_s1	p95_candidates_per_s1	p99_candidates_per_s1	max_candidates_per_s1	invalid_ids	cross_country_candidates	sha256	evaluation_script	evaluation_timestamp
V1	S2	P2/data/candidates/train_candidate_pairs_s2.tsv	P2/scripts/cands_BCD_v1_tasks.py	A(prefix4+house), B(exact_addr), C(token1+house), D(exact_name)	24594064	24594064	0	3693619	2214137	1479482	0.599449	6.6585	346953	2.0	55.0	124.0	1322	0	0	1a1f671d500bea88095cb69f5d32dabe6644357ff91432526305b10856f210be	P1/scripts/evaluation/evaluate_candidate_set.py	2026-09-26T14:18:55.824644+00:00
V1	S3	P2/data/candidates/train_candidate_pairs_s3.tsv	P2/scripts/cands_BCD_v1_tasks.py	A(prefix4+house), B(exact_addr), C(token1+house), D(exact_name)	29998661	29998661	0	3944746	2346442	1598304	0.594827	7.6047	325444	3.0	68.0	166.0	1650	0	0	b34f05adaefd6990495ebf2581f9d1b0582a15bb71a87d05a54c9caf6c440255	P1/scripts/evaluation/evaluate_candidate_set.py	2026-09-26T14:18:55.824644+00:00
V2	S2	P2/data/candidates/train_candidate_pairs_s2_v2.tsv	P2/scripts/cands_BCD_v2_tasks.py	A,B,C,D + E(clean_name>=3), F(house_norm), G(root_token+house_norm), H(clean_addr>=6), I(zip+prefix3)	30359040	30359040	0	3693619	2438575	1255044	0.660213	8.2193	277448	3.0	70.0	154.0	1477	0	0	386c0a0c0dacda2df90d26778a893c760b686c1c4e84bc0ef033e7ce84c28d22	P1/scripts/evaluation/evaluate_candidate_set.py	2026-09-26T14:18:55.824644+00:00
V2	S3	P2/data/candidates/train_candidate_pairs_s3_v2.tsv	P2/scripts/cands_BCD_v2_tasks.py	A,B,C,D + E(clean_name>=3), F(house_norm), G(root_token+house_norm), H(clean_addr>=6), I(zip+prefix3)	36973484	36973484	0	3944746	2584593	1360153	0.655199	9.3728	262072	3.0	85.0	199.0	1829	0	0	6d6cc5171beb4f445a4016f35a27e488e543cdeaa66bb5a26b342f87302c8404	P1/scripts/evaluation/evaluate_candidate_set.py	2026-09-26T14:18:55.824644+00:00
V1	S2	P2/data/candidates/test_candidate_pairs_s2.tsv	P2/scripts/cands_BCD_v1_tasks.py	A(prefix4+house), B(exact_addr), C(token1+house), D(exact_name)	30232352	30232352	0	NOT_APPLICABLE	NOT_APPLICABLE	NOT_APPLICABLE	NOT_APPLICABLE	NOT_APPLICABLE	254483	3.0	96.0	219.0	1510	0	0	7c79411c7e917cad04817adb921a721bda9a4927a32c01504599a9949ede8366	P1/scripts/evaluation/evaluate_candidate_set.py	2026-09-26T14:18:55.824644+00:00
V1	S3	P2/data/candidates/test_candidate_pairs_s3.tsv	P2/scripts/cands_BCD_v1_tasks.py	A(prefix4+house), B(exact_addr), C(token1+house), D(exact_name)	35822910	35822910	0	NOT_APPLICABLE	NOT_APPLICABLE	NOT_APPLICABLE	NOT_APPLICABLE	NOT_APPLICABLE	239473	3.0	122.0	243.0	1820	0	0	620ff6e2654bcd3eeae0e81b5670734b290fbc5a76d668891ad1659a7d606531	P1/scripts/evaluation/evaluate_candidate_set.py	2026-09-26T14:18:55.824644+00:00
V2	S2	P2/data/candidates/test_candidate_pairs_s2_v2.tsv	P2/scripts/cands_BCD_v2_tasks.py	A,B,C,D + E(clean_name>=3), F(house_norm), G(root_token+house_norm), H(clean_addr>=6), I(zip+prefix3)	34919169	34919169	0	NOT_APPLICABLE	NOT_APPLICABLE	NOT_APPLICABLE	NOT_APPLICABLE	NOT_APPLICABLE	206207	3.0	111.0	239.0	1703	0	0	149e168a56025a860c7e917f1ba70f990cfaefd0660175d8d8050c657fbe9c82	P1/scripts/evaluation/evaluate_candidate_set.py	2026-09-26T14:18:55.824644+00:00
V2	S3	P2/data/candidates/test_candidate_pairs_s3_v2.tsv	P2/scripts/cands_BCD_v2_tasks.py	A,B,C,D + E(clean_name>=3), F(house_norm), G(root_token+house_norm), H(clean_addr>=6), I(zip+prefix3)	41714627	41714627	0	NOT_APPLICABLE	NOT_APPLICABLE	NOT_APPLICABLE	NOT_APPLICABLE	NOT_APPLICABLE	195392	3.0	142.0	277.0	2004	0	0	ec2dd1c0ca63d71d242b84854b22bace3fec0c7d611a193fc224a6b6bf971576	P1/scripts/evaluation/evaluate_candidate_set.py	2026-09-26T14:18:55.824644+00:00
Legacy_Strategy_B	S2	outputs/person1_step1/test_candidate_pairs_s2.tsv	notebooks/03_blocking.ipynb	Strategy B: A(prefix4+house), B(exact_addr)	26046195	26046195	0	NOT_APPLICABLE	NOT_APPLICABLE	NOT_APPLICABLE	NOT_APPLICABLE	NOT_APPLICABLE	400630	2.0	90.0	215.0	1510	0	0	8aff61a3b98848ed3af607352f4def7e87cc2fb0abc927a9b6feb0d888586528	P1/scripts/evaluation/evaluate_candidate_set.py	2026-09-26T14:18:55.824644+00:00
Legacy_Strategy_B	S3	outputs/person1_step1/test_candidate_pairs_s3.tsv	notebooks/03_blocking.ipynb	Strategy B: A(prefix4+house), B(exact_addr)	30777878	30777878	0	NOT_APPLICABLE	NOT_APPLICABLE	NOT_APPLICABLE	NOT_APPLICABLE	NOT_APPLICABLE	381967	2.0	112.0	232.0	1820	0	0	645862ffab6e62ca0cf26d77d53b87148dc74be14e026b5918116c64bf3d829d	P1/scripts/evaluation/evaluate_candidate_set.py	2026-09-26T14:18:55.824644+00:00
V1	COMBINED (S2+S3)	P2/data/candidates/train_candidate_pairs_s2.tsv + P2/data/candidates/train_candidate_pairs_s3.tsv	P2/scripts/cands_BCD_v1_tasks.py	A,B,C,D	54592725	54592725	0	7638365	4560579	3077786	0.597062	7.1472	124148	5.0	123.0	284.0	2972	0	0	COMBINED_MULTIPLE_FILES	P1/scripts/evaluation/evaluate_candidate_set.py	2026-09-26T14:18:55.824644+00:00
V2	COMBINED (S2+S3)	P2/data/candidates/train_candidate_pairs_s2_v2.tsv + P2/data/candidates/train_candidate_pairs_s3_v2.tsv	P2/scripts/cands_BCD_v2_tasks.py	A,B,C,D,E,F,G,H,I	67332524	67332524	0	7638365	5023168	2615197	0.657623	8.8150	94043	5.0	155.0	346.0	3306	0	0	COMBINED_MULTIPLE_FILES	P1/scripts/evaluation/evaluate_candidate_set.py	2026-09-26T14:18:55.824644+00:00
